"CoC Number","CoC Name","Total Homeless, 2014","Sheltered Homeless, 2014","Unsheltered Homeless, 2014","Homeless Individuals, 2014","Sheltered Homeless Individuals, 2014","Unsheltered Homeless Individuals, 2014","Homeless People in Families, 2014","Sheltered Homeless People in Families, 2014","Unsheltered Homeless People in Families, 2014","Chronically Homeless, 2014","Sheltered Chronically Homeless, 2014","Unsheltered Chronically Homeless, 2014","Chronically Homeless Individuals, 2014","Sheltered Chronically Homeless Individuals, 2014","Unsheltered Chronically Homeless Individuals, 2014","Chronically Homeless People in Families, 2014","Sheltered Chronically Homeless People in Families, 2014","Unsheltered Chronically Homeless People in Families, 2014","Homeless Veterans, 2014","Sheltered Homeless Veterans, 2014","Unsheltered Homeless Veterans, 2014"
"AK-500","Anchorage CoC","1023.0","970.0","53.0","736.0","688.0","48.0","287.0","282.0","5.0","101.0","59.0","42.0","94.0","56.0","38.0","7.0","3.0","4.0","138.0","120.0","18.0"
"AK-501","Alaska Balance of State CoC","761.0","669.0","92.0","473.0","421.0","52.0","288.0","248.0","40.0","105.0","78.0","27.0","88.0","63.0","25.0","17.0","15.0","2.0","40.0","40.0","0.0"
"AL-500","Birmingham/Jefferson, St. Clair, Shelby Counties CoC","1329.0","915.0","414.0","915.0","572.0","343.0","414.0","343.0","71.0","331.0","96.0","235.0","313.0","94.0","219.0","18.0","2.0","16.0","174.0","154.0","20.0"
"AL-501","Mobile City & County/Baldwin County CoC","598.0","461.0","137.0","397.0","272.0","125.0","201.0","189.0","12.0","75.0","39.0","36.0","68.0","32.0","36.0","7.0","7.0","0.0","61.0","38.0","23.0"
"AL-502","Florence/Northwest Alabama CoC","209.0","189.0","20.0","132.0","119.0","13.0","77.0","70.0","7.0","13.0","3.0","10.0","13.0","3.0","10.0","0.0","0.0","0.0","7.0","5.0","2.0"
"AL-503","Huntsville/North Alabama CoC","536.0","499.0","37.0","386.0","349.0","37.0","150.0","150.0","0.0","107.0","84.0","23.0","98.0","75.0","23.0","9.0","9.0","0.0","64.0","58.0","6.0"
"AL-504","Montgomery City & County CoC","490.0","409.0","81.0","365.0","295.0","70.0","125.0","114.0","11.0","37.0","12.0","25.0","35.0","10.0","25.0","2.0","2.0","0.0","39.0","25.0","14.0"
"AL-505","Gadsden/Northeast Alabama CoC","438.0","368.0","70.0","359.0","315.0","44.0","79.0","53.0","26.0","36.0","16.0","20.0","26.0","16.0","10.0","10.0","0.0","10.0","34.0","29.0","5.0"
"AL-506","Tuscaloosa City & County CoC","245.0","133.0","112.0","167.0","103.0","64.0","78.0","30.0","48.0","80.0","2.0","78.0","43.0","2.0","41.0","37.0","0.0","37.0","90.0","75.0","15.0"
"AL-507","Alabama Balance of State CoC","716.0","544.0","172.0","394.0","348.0","46.0","322.0","196.0","126.0","50.0","31.0","19.0","22.0","13.0","9.0","28.0","18.0","10.0","73.0","66.0","7.0"
"AR-500","Little Rock/Central Arkansas CoC","1074.0","571.0","503.0","951.0","448.0","503.0","123.0","123.0","0.0","350.0","46.0","304.0","348.0","44.0","304.0","2.0","2.0","0.0","197.0","141.0","56.0"
"AR-501","Fayetteville/Northwest Arkansas CoC","551.0","329.0","222.0","388.0","211.0","177.0","163.0","118.0","45.0","39.0","1.0","38.0","38.0","0.0","38.0","1.0","1.0","0.0","98.0","41.0","57.0"
"AR-503","Arkansas  Balance of State  CoC","1028.0","408.0","620.0","753.0","277.0","476.0","275.0","131.0","144.0","49.0","11.0","38.0","49.0","11.0","38.0","0.0","0.0","0.0","34.0","17.0","17.0"
"AR-505","Southeast Arkansas","70.0","70.0","0.0","39.0","39.0","0.0","31.0","31.0","0.0","0.0","0.0","0.0","0.0","0.0","0.0","0.0","0.0","0.0","1.0","1.0","0.0"
"AR-508","Old Fort Homeless Coalition","185.0","113.0","72.0","163.0","91.0","72.0","22.0","22.0","0.0","80.0","27.0","53.0","80.0","27.0","53.0","0.0","0.0","0.0","30.0","20.0","10.0"
"AR-512","Boone, Baxter, Marion, Newton Counties CoC","28.0","12.0","16.0","9.0","4.0","5.0","19.0","8.0","11.0","1.0","0.0","1.0","1.0","0.0","1.0","0.0","0.0","0.0","1.0","0.0","1.0"
"AZ-500","Arizona Balance of State CoC","2398.0","1349.0","1049.0","1679.0","806.0","873.0","719.0","543.0","176.0","266.0","105.0","161.0","211.0","92.0","119.0","55.0","13.0","42.0","263.0","138.0","125.0"
"AZ-501","Tucson/Pima County CoC","2179.0","1712.0","467.0","1475.0","1049.0","426.0","704.0","663.0","41.0","290.0","126.0","164.0","290.0","126.0","164.0","0.0","0.0","0.0","285.0","235.0","50.0"
"AZ-502","Phoenix/Mesa/Maricopa County Regional CoC","5918.0","4865.0","1053.0","3040.0","1996.0","1044.0","2878.0","2869.0","9.0","403.0","85.0","318.0","403.0","85.0","318.0","0.0","0.0","0.0","310.0","262.0","48.0"
"CA-500","San Jose/Santa Clara City & County CoC","7567.0","1893.0","5674.0","6681.0","1063.0","5618.0","886.0","830.0","56.0","2535.0","276.0","2259.0","2513.0","263.0","2250.0","22.0","13.0","9.0","813.0","234.0","579.0"
"CA-501","San Francisco CoC","6408.0","2093.0","4315.0","5776.0","1494.0","4282.0","632.0","599.0","33.0","2321.0","811.0","1510.0","2136.0","642.0","1494.0","185.0","169.0","16.0","720.0","298.0","422.0"
"CA-502","Oakland/Alameda County CoC","4272.0","1935.0","2337.0","3162.0","1043.0","2119.0","1110.0","892.0","218.0","1094.0","240.0","854.0","959.0","199.0","760.0","135.0","41.0","94.0","538.0","185.0","353.0"
"CA-503","Sacramento City & County CoC","2449.0","1663.0","786.0","1683.0","902.0","781.0","766.0","761.0","5.0","422.0","137.0","285.0","420.0","135.0","285.0","2.0","2.0","0.0","277.0","141.0","136.0"
"CA-504","Santa Rosa/Petaluma/Sonoma County CoC","4266.0","957.0","3309.0","3816.0","561.0","3255.0","450.0","396.0","54.0","1260.0","226.0","1034.0","1219.0","190.0","1029.0","41.0","36.0","5.0","421.0","78.0","343.0"
"CA-505","Richmond/Contra Costa County CoC","2009.0","680.0","1329.0","1660.0","331.0","1329.0","349.0","349.0","0.0","775.0","181.0","594.0","716.0","143.0","573.0","59.0","38.0","21.0","176.0","41.0","135.0"
"CA-506","Salinas/Monterey, San Benito Counties CoC","2962.0","756.0","2206.0","2286.0","361.0","1925.0","676.0","395.0","281.0","1089.0","229.0","860.0","925.0","144.0","781.0","164.0","85.0","79.0","238.0","77.0","161.0"
"CA-507","Marin County CoC","679.0","501.0","178.0","460.0","282.0","178.0","219.0","219.0","0.0","62.0","18.0","44.0","62.0","18.0","44.0","0.0","0.0","0.0","52.0","34.0","18.0"
"CA-508","Watsonville/Santa Cruz City & County CoC","3529.0","634.0","2895.0","2996.0","302.0","2694.0","533.0","332.0","201.0","981.0","66.0","915.0","940.0","57.0","883.0","41.0","9.0","32.0","393.0","50.0","343.0"
"CA-509","Mendocino County CoC","1404.0","186.0","1218.0","1256.0","118.0","1138.0","148.0","68.0","80.0","221.0","23.0","198.0","167.0","19.0","148.0","54.0","4.0","50.0","46.0","6.0","40.0"
"CA-510","Turlock/Modesto/Stanislaus County CoC","1156.0","713.0","443.0","824.0","487.0","337.0","332.0","226.0","106.0","146.0","83.0","63.0","123.0","69.0","54.0","23.0","14.0","9.0","69.0","41.0","28.0"
"CA-511","Stockton/San Joaquin County CoC","1588.0","1325.0","263.0","713.0","475.0","238.0","875.0","850.0","25.0","116.0","49.0","67.0","107.0","43.0","64.0","9.0","6.0","3.0","87.0","65.0","22.0"
"CA-512","Daly/San Mateo County CoC","2024.0","725.0","1299.0","1363.0","308.0","1055.0","661.0","417.0","244.0","897.0","40.0","857.0","721.0","35.0","686.0","176.0","5.0","171.0","225.0","94.0","131.0"
"CA-513","Visalia, Kings, Tulare Counties CoC","763.0","386.0","377.0","609.0","257.0","352.0","154.0","129.0","25.0","235.0","28.0","207.0","208.0","23.0","185.0","27.0","5.0","22.0","36.0","9.0","27.0"
"CA-514","Fresno/Madera County CoC","2592.0","709.0","1883.0","2203.0","330.0","1873.0","389.0","379.0","10.0","497.0","22.0","475.0","497.0","22.0","475.0","0.0","0.0","0.0","272.0","85.0","187.0"
"CA-515","Roseville/Rocklin/Placer, Nevada Counties CoC","762.0","239.0","523.0","619.0","141.0","478.0","143.0","98.0","45.0","240.0","57.0","183.0","211.0","44.0","167.0","29.0","13.0","16.0","73.0","13.0","60.0"
"CA-516","Redding/Shasta, Siskiyou, Lassen, Plumas, Del Norte, Modoc, Sierra Counties CoC","630.0","548.0","82.0","461.0","384.0","77.0","169.0","164.0","5.0","125.0","67.0","58.0","89.0","36.0","53.0","36.0","31.0","5.0","62.0","60.0","2.0"
"CA-517","Napa City & County CoC","285.0","194.0","91.0","205.0","114.0","91.0","80.0","80.0","0.0","73.0","31.0","42.0","73.0","31.0","42.0","0.0","0.0","0.0","23.0","9.0","14.0"
"CA-518","Vallejo/Solano County CoC","1295.0","406.0","889.0","1085.0","248.0","837.0","210.0","158.0","52.0","350.0","45.0","305.0","226.0","37.0","189.0","124.0","8.0","116.0","80.0","47.0","33.0"
"CA-519","Chico/Paradise/Butte County CoC","696.0","273.0","423.0","586.0","173.0","413.0","110.0","100.0","10.0","313.0","49.0","264.0","307.0","43.0","264.0","6.0","6.0","0.0","95.0","40.0","55.0"
"CA-520","Merced City & County CoC","768.0","159.0","609.0","735.0","130.0","605.0","33.0","29.0","4.0","364.0","13.0","351.0","364.0","13.0","351.0","0.0","0.0","0.0","84.0","11.0","73.0"
"CA-521","Davis/Woodland/Yolo County CoC","442.0","244.0","198.0","317.0","119.0","198.0","125.0","125.0","0.0","131.0","34.0","97.0","126.0","29.0","97.0","5.0","5.0","0.0","31.0","11.0","20.0"
"CA-522","Humboldt County CoC","932.0","248.0","684.0","593.0","90.0","503.0","339.0","158.0","181.0","260.0","10.0","250.0","132.0","5.0","127.0","128.0","5.0","123.0","123.0","43.0","80.0"
"CA-523","Colusa, Glenn, Trinity Counties CoC","567.0","143.0","424.0","410.0","74.0","336.0","157.0","69.0","88.0","265.0","47.0","218.0","223.0","24.0","199.0","42.0","23.0","19.0","49.0","7.0","42.0"
"CA-524","Yuba City & County/Sutter County CoC","726.0","347.0","379.0","348.0","138.0","210.0","378.0","209.0","169.0","53.0","0.0","53.0","36.0","0.0","36.0","17.0","0.0","17.0","75.0","67.0","8.0"
"CA-525","El Dorado County CoC","195.0","146.0","49.0","181.0","136.0","45.0","14.0","10.0","4.0","73.0","35.0","38.0","71.0","35.0","36.0","2.0","0.0","2.0","3.0","2.0","1.0"
"CA-526","Amador, Calaveras, Tuolumne and Mariposa Counties CoC","382.0","142.0","240.0","269.0","44.0","225.0","113.0","98.0","15.0","114.0","4.0","110.0","112.0","2.0","110.0","2.0","2.0","0.0","46.0","18.0","28.0"
"CA-600","Los Angeles City & County CoC","34393.0","11803.0","22590.0","28164.0","7645.0","20519.0","6229.0","4158.0","2071.0","8882.0","1371.0","7511.0","7947.0","1295.0","6652.0","935.0","76.0","859.0","3739.0","1182.0","2557.0"
"CA-601","San Diego City and County CoC","8506.0","4521.0","3985.0","6499.0","2823.0","3676.0","2007.0","1698.0","309.0","1245.0","238.0","1007.0","1156.0","217.0","939.0","89.0","21.0","68.0","1307.0","790.0","517.0"
"CA-602","Santa Ana/Anaheim/Orange County CoC","3833.0","2155.0","1678.0","2561.0","886.0","1675.0","1272.0","1269.0","3.0","814.0","141.0","673.0","798.0","130.0","668.0","16.0","11.0","5.0","398.0","129.0","269.0"
"CA-603","Santa Maria/Santa Barbara County CoC","1832.0","854.0","978.0","1443.0","575.0","868.0","389.0","279.0","110.0","618.0","84.0","534.0","520.0","84.0","436.0","98.0","0.0","98.0","134.0","58.0","76.0"
"CA-604","Bakersfield/Kern County CoC","992.0","577.0","415.0","725.0","350.0","375.0","267.0","227.0","40.0","178.0","31.0","147.0","168.0","29.0","139.0","10.0","2.0","8.0","87.0","66.0","21.0"
"CA-606","Long Beach CoC","2738.0","859.0","1879.0","2260.0","638.0","1622.0","478.0","221.0","257.0","1070.0","111.0","959.0","984.0","107.0","877.0","86.0","4.0","82.0","439.0","275.0","164.0"
"CA-607","Pasadena CoC","666.0","265.0","401.0","512.0","125.0","387.0","154.0","140.0","14.0","221.0","72.0","149.0","192.0","43.0","149.0","29.0","29.0","0.0","41.0","3.0","38.0"
"CA-608","Riverside City & County CoC","2945.0","1057.0","1888.0","2390.0","646.0","1744.0","555.0","411.0","144.0","1093.0","23.0","1070.0","1010.0","15.0","995.0","83.0","8.0","75.0","296.0","115.0","181.0"
"CA-609","San Bernardino City & County CoC","2315.0","1068.0","1247.0","1531.0","414.0","1117.0","784.0","654.0","130.0","551.0","69.0","482.0","490.0","57.0","433.0","61.0","12.0","49.0","167.0","35.0","132.0"
"CA-611","Oxnard/San Buenaventura/Ventura County CoC","1428.0","518.0","910.0","1086.0","356.0","730.0","342.0","162.0","180.0","440.0","19.0","421.0","407.0","19.0","388.0","33.0","0.0","33.0","102.0","14.0","88.0"
"CA-612","Glendale CoC","292.0","185.0","107.0","204.0","101.0","103.0","88.0","84.0","4.0","79.0","33.0","46.0","79.0","33.0","46.0","0.0","0.0","0.0","19.0","7.0","12.0"
"CA-613","Imperial County CoC","298.0","164.0","134.0","181.0","58.0","123.0","117.0","106.0","11.0","127.0","40.0","87.0","111.0","24.0","87.0","16.0","16.0","0.0","7.0","0.0","7.0"
"CA-614","San Luis Obispo County CoC","2366.0","244.0","2122.0","1912.0","135.0","1777.0","454.0","109.0","345.0","748.0","78.0","670.0","655.0","63.0","592.0","93.0","15.0","78.0","253.0","17.0","236.0"
"CO-500","Colorado Balance of State CoC","2188.0","1183.0","1005.0","1256.0","539.0","717.0","932.0","644.0","288.0","493.0","79.0","414.0","390.0","73.0","317.0","103.0","6.0","97.0","179.0","86.0","93.0"
"CO-503","Metropolitan Denver Homeless Initiative","6621.0","5950.0","671.0","3495.0","2935.0","560.0","3126.0","3015.0","111.0","801.0","507.0","294.0","630.0","413.0","217.0","171.0","94.0","77.0","429.0","343.0","86.0"
"CO-504","Colorado Springs/El Paso County CoC","1219.0","950.0","269.0","822.0","561.0","261.0","397.0","389.0","8.0","327.0","161.0","166.0","315.0","149.0","166.0","12.0","12.0","0.0","145.0","99.0","46.0"
"CT-503","Bridgeport/Norwalk /Stamford/Fairfield County CoC","1083.0","772.0","311.0","721.0","447.0","274.0","362.0","325.0","37.0","367.0","252.0","115.0","246.0","159.0","87.0","121.0","93.0","28.0","70.0","53.0","17.0"
"CT-505","Connecticut Balance of State CoC","3367.0","2759.0","608.0","2348.0","1796.0","552.0","1019.0","963.0","56.0","848.0","595.0","253.0","780.0","537.0","243.0","68.0","58.0","10.0","225.0","168.0","57.0"
"DC-500","District of Columbia CoC","7748.0","7352.0","396.0","3953.0","3557.0","396.0","3795.0","3795.0","0.0","2029.0","1694.0","335.0","1609.0","1274.0","335.0","420.0","420.0","0.0","406.0","375.0","31.0"
"DE-500","Delaware Statewide CoC","901.0","864.0","37.0","584.0","554.0","30.0","317.0","310.0","7.0","91.0","82.0","9.0","88.0","79.0","9.0","3.0","3.0","0.0","93.0","89.0","4.0"
"FL-500","Sarasota/Bradenton/Manatee, Sarasota Counties CoC","1377.0","780.0","597.0","1131.0","560.0","571.0","246.0","220.0","26.0","270.0","76.0","194.0","250.0","60.0","190.0","20.0","16.0","4.0","170.0","95.0","75.0"
"FL-501","Tampa/Hillsborough County CoC","1944.0","853.0","1091.0","1443.0","551.0","892.0","501.0","302.0","199.0","409.0","30.0","379.0","326.0","30.0","296.0","83.0","0.0","83.0","236.0","110.0","126.0"
"FL-502","St. Petersburg/Clearwater/Largo/Pinellas County CoC","3391.0","2213.0","1178.0","2865.0","1691.0","1174.0","526.0","522.0","4.0","489.0","272.0","217.0","474.0","259.0","215.0","15.0","13.0","2.0","550.0","475.0","75.0"
"FL-503","Lakeland/Winter Haven/Polk County CoC","536.0","248.0","288.0","451.0","184.0","267.0","85.0","64.0","21.0","114.0","20.0","94.0","111.0","20.0","91.0","3.0","0.0","3.0","40.0","11.0","29.0"
"FL-504","Daytona Beach/Daytona/Volusia, Flagler Counties CoC","1633.0","608.0","1025.0","1171.0","336.0","835.0","462.0","272.0","190.0","198.0","14.0","184.0","198.0","14.0","184.0","0.0","0.0","0.0","135.0","55.0","80.0"
"FL-505","Fort Walton Beach/Okaloosa, Walton Counties CoC","1577.0","302.0","1275.0","556.0","209.0","347.0","1021.0","93.0","928.0","436.0","123.0","313.0","354.0","123.0","231.0","82.0","0.0","82.0","211.0","45.0","166.0"
"FL-506","Tallahassee/Leon County CoC","805.0","617.0","188.0","679.0","491.0","188.0","126.0","126.0","0.0","220.0","123.0","97.0","220.0","123.0","97.0","0.0","0.0","0.0","108.0","83.0","25.0"
"FL-507","Orlando/Orange, Osceola, Seminole Counties CoC","2254.0","1988.0","266.0","1390.0","1124.0","266.0","864.0","864.0","0.0","125.0","67.0","58.0","125.0","67.0","58.0","0.0","0.0","0.0","299.0","255.0","44.0"
"FL-508","Gainesville/Alachua, Putnam Counties CoC","1256.0","368.0","888.0","1134.0","260.0","874.0","122.0","108.0","14.0","471.0","68.0","403.0","431.0","38.0","393.0","40.0","30.0","10.0","229.0","111.0","118.0"
"FL-509","Fort Pierce/St. Lucie, Indian River, Martin Counties CoC","2591.0","249.0","2342.0","1360.0","62.0","1298.0","1231.0","187.0","1044.0","131.0","10.0","121.0","131.0","10.0","121.0","0.0","0.0","0.0","118.0","4.0","114.0"
"FL-510","Jacksonville-Duval, Clay Counties CoC","2049.0","1756.0","293.0","1375.0","1095.0","280.0","674.0","661.0","13.0","431.0","286.0","145.0","399.0","267.0","132.0","32.0","19.0","13.0","224.0","182.0","42.0"
"FL-511","Pensacola/Escambia/Santa Rosa County CoC","843.0","611.0","232.0","721.0","494.0","227.0","122.0","117.0","5.0","184.0","86.0","98.0","177.0","79.0","98.0","7.0","7.0","0.0","100.0","75.0","25.0"
"FL-512","Saint Johns County CoC","1401.0","197.0","1204.0","1062.0","80.0","982.0","339.0","117.0","222.0","65.0","17.0","48.0","65.0","17.0","48.0","0.0","0.0","0.0","48.0","11.0","37.0"
"FL-513","Palm Bay/Melbourne/Brevard County CoC","1477.0","617.0","860.0","1043.0","300.0","743.0","434.0","317.0","117.0","120.0","10.0","110.0","117.0","10.0","107.0","3.0","0.0","3.0","333.0","211.0","122.0"
"FL-514","Ocala/Marion County CoC","918.0","274.0","644.0","564.0","154.0","410.0","354.0","120.0","234.0","95.0","6.0","89.0","85.0","3.0","82.0","10.0","3.0","7.0","71.0","71.0","0.0"
"FL-515","Panama City/Bay, Jackson Counties CoC","268.0","196.0","72.0","224.0","178.0","46.0","44.0","18.0","26.0","36.0","6.0","30.0","36.0","6.0","30.0","0.0","0.0","0.0","31.0","18.0","13.0"
"FL-517","Hendry, Hardee, Highlands Counties CoC","1346.0","234.0","1112.0","829.0","71.0","758.0","517.0","163.0","354.0","117.0","34.0","83.0","110.0","27.0","83.0","7.0","7.0","0.0","50.0","0.0","50.0"
"FL-518","Columbia, Hamilton, Lafayette, Suwannee Counties CoC","1070.0","83.0","987.0","652.0","41.0","611.0","418.0","42.0","376.0","621.0","0.0","621.0","350.0","0.0","350.0","271.0","0.0","271.0","209.0","25.0","184.0"
"FL-519","Pasco County CoC","3356.0","156.0","3200.0","1693.0","103.0","1590.0","1663.0","53.0","1610.0","1204.0","17.0","1187.0","809.0","7.0","802.0","395.0","10.0","385.0","369.0","36.0","333.0"
"FL-520","Citrus, Hernando, Lake, Sumter Counties CoC","511.0","310.0","201.0","347.0","184.0","163.0","164.0","126.0","38.0","10.0","10.0","0.0","10.0","10.0","0.0","0.0","0.0","0.0","27.0","25.0","2.0"
"FL-600","Miami/Dade County CoC","4156.0","3316.0","840.0","2845.0","2005.0","840.0","1311.0","1311.0","0.0","732.0","287.0","445.0","688.0","243.0","445.0","44.0","44.0","0.0","317.0","175.0","142.0"
"FL-601","Ft Lauderdale/Broward County CoC","2766.0","1887.0","879.0","2028.0","1203.0","825.0","738.0","684.0","54.0","525.0","169.0","356.0","497.0","151.0","346.0","28.0","18.0","10.0","229.0","143.0","86.0"
"FL-602","Punta Gorda/Charlotte County CoC","511.0","203.0","308.0","265.0","90.0","175.0","246.0","113.0","133.0","156.0","19.0","137.0","149.0","12.0","137.0","7.0","7.0","0.0","63.0","35.0","28.0"
"FL-603","Ft Myers/Cape Coral/Lee County CoC","871.0","427.0","444.0","700.0","329.0","371.0","171.0","98.0","73.0","281.0","24.0","257.0","224.0","21.0","203.0","57.0","3.0","54.0","120.0","59.0","61.0"
"FL-604","Monroe County CoC","678.0","383.0","295.0","594.0","324.0","270.0","84.0","59.0","25.0","116.0","25.0","91.0","114.0","23.0","91.0","2.0","2.0","0.0","92.0","36.0","56.0"
"FL-605","West Palm Beach/Palm Beach County CoC","1596.0","649.0","947.0","1327.0","510.0","817.0","269.0","139.0","130.0","396.0","72.0","324.0","361.0","70.0","291.0","35.0","2.0","33.0","151.0","58.0","93.0"
"FL-606","Naples/Collier County CoC","361.0","326.0","35.0","281.0","257.0","24.0","80.0","69.0","11.0","37.0","32.0","5.0","32.0","27.0","5.0","5.0","5.0","0.0","22.0","20.0","2.0"
"GA-500","Atlanta Continuum of Care","4797.0","3422.0","1375.0","4203.0","2867.0","1336.0","594.0","555.0","39.0","1341.0","628.0","713.0","1322.0","616.0","706.0","19.0","12.0","7.0","477.0","276.0","201.0"
"GA-501","Georgia Balance of State CoC","7577.0","2260.0","5317.0","5264.0","681.0","4583.0","2313.0","1579.0","734.0","1127.0","160.0","967.0","810.0","92.0","718.0","317.0","68.0","249.0","564.0","126.0","438.0"
"GA-502","Fulton County Continuum of Care","477.0","374.0","103.0","232.0","137.0","95.0","245.0","237.0","8.0","50.0","9.0","41.0","46.0","9.0","37.0","4.0","0.0","4.0","78.0","55.0","23.0"
"GA-503","Athens/Clarke County CoC","247.0","160.0","87.0","200.0","113.0","87.0","47.0","47.0","0.0","42.0","11.0","31.0","42.0","11.0","31.0","0.0","0.0","0.0","15.0","6.0","9.0"
"GA-504","Augusta CoC","472.0","326.0","146.0","358.0","238.0","120.0","114.0","88.0","26.0","83.0","35.0","48.0","72.0","32.0","40.0","11.0","3.0","8.0","65.0","49.0","16.0"
"GA-505","Columbus-Muscogee/Russell County CoC","312.0","199.0","113.0","257.0","144.0","113.0","55.0","55.0","0.0","65.0","26.0","39.0","65.0","26.0","39.0","0.0","0.0","0.0","21.0","6.0","15.0"
"GA-506","Marietta/Cobb County CoC","523.0","379.0","144.0","288.0","166.0","122.0","235.0","213.0","22.0","65.0","21.0","44.0","57.0","21.0","36.0","8.0","0.0","8.0","51.0","17.0","34.0"
"GA-507","Savannah/Chatham County CoC","1315.0","574.0","741.0","1170.0","429.0","741.0","145.0","145.0","0.0","150.0","55.0","95.0","150.0","55.0","95.0","0.0","0.0","0.0","44.0","37.0","7.0"
"GA-508","DeKalb County Continuum of Care","801.0","520.0","281.0","431.0","157.0","274.0","370.0","363.0","7.0","81.0","0.0","81.0","81.0","0.0","81.0","0.0","0.0","0.0","128.0","75.0","53.0"
"GU-500","Guam CoC","1356.0","126.0","1230.0","332.0","37.0","295.0","1024.0","89.0","935.0","67.0","0.0","67.0","24.0","0.0","24.0","43.0","0.0","43.0","36.0","6.0","30.0"
"HI-500","Hawaii Balance of State CoC","2206.0","734.0","1472.0","1394.0","253.0","1141.0","812.0","481.0","331.0","567.0","65.0","502.0","452.0","46.0","406.0","115.0","19.0","96.0","208.0","33.0","175.0"
"HI-501","Honolulu CoC","4712.0","3079.0","1633.0","2356.0","911.0","1445.0","2356.0","2168.0","188.0","734.0","134.0","600.0","657.0","99.0","558.0","77.0","35.0","42.0","385.0","214.0","171.0"
"IA-500","Sioux City/Dakota, Woodbury Counties CoC","297.0","268.0","29.0","161.0","132.0","29.0","136.0","136.0","0.0","16.0","10.0","6.0","16.0","10.0","6.0","0.0","0.0","0.0","11.0","11.0","0.0"
"IA-501","Iowa Balance of State CoC","1939.0","1874.0","65.0","812.0","767.0","45.0","1127.0","1107.0","20.0","112.0","97.0","15.0","79.0","64.0","15.0","33.0","33.0","0.0","100.0","94.0","6.0"
"IA-502","Des Moines/Polk County CoC","886.0","784.0","102.0","571.0","469.0","102.0","315.0","315.0","0.0","116.0","47.0","69.0","116.0","47.0","69.0","0.0","0.0","0.0","91.0","72.0","19.0"
"ID-500","Boise/Ada County CoC","753.0","707.0","46.0","576.0","533.0","43.0","177.0","174.0","3.0","82.0","71.0","11.0","47.0","39.0","8.0","35.0","32.0","3.0","91.0","84.0","7.0"
"ID-501","Idaho Balance of State","1351.0","761.0","590.0","658.0","315.0","343.0","693.0","446.0","247.0","162.0","34.0","128.0","109.0","30.0","79.0","53.0","4.0","49.0","124.0","51.0","73.0"
"IL-500","McHenry County CoC","166.0","161.0","5.0","108.0","103.0","5.0","58.0","58.0","0.0","10.0","9.0","1.0","10.0","9.0","1.0","0.0","0.0","0.0","25.0","25.0","0.0"
"IL-501","Rockford/Winnebago, Boone Counties CoC","410.0","379.0","31.0","283.0","259.0","24.0","127.0","120.0","7.0","73.0","60.0","13.0","51.0","43.0","8.0","22.0","17.0","5.0","16.0","16.0","0.0"
"IL-502","Waukegan/North Chicago/Lake County CoC","409.0","404.0","5.0","206.0","201.0","5.0","203.0","203.0","0.0","31.0","30.0","1.0","24.0","23.0","1.0","7.0","7.0","0.0","70.0","70.0","0.0"
"IL-503","Champaign/Urbana/Rantoul/Champaign County CoC","205.0","193.0","12.0","148.0","136.0","12.0","57.0","57.0","0.0","1.0","1.0","0.0","1.0","1.0","0.0","0.0","0.0","0.0","23.0","21.0","2.0"
"IL-504","Madison County CoC","240.0","224.0","16.0","73.0","57.0","16.0","167.0","167.0","0.0","53.0","46.0","7.0","18.0","11.0","7.0","35.0","35.0","0.0","8.0","8.0","0.0"
"IL-506","Joliet/Bolingbrook/Will County CoC","309.0","294.0","15.0","187.0","172.0","15.0","122.0","122.0","0.0","16.0","1.0","15.0","16.0","1.0","15.0","0.0","0.0","0.0","20.0","18.0","2.0"
"IL-507","Peoria/Perkin/Fulton, Peoria, Tazewell, Woodford CoC","405.0","379.0","26.0","242.0","220.0","22.0","163.0","159.0","4.0","53.0","52.0","1.0","44.0","43.0","1.0","9.0","9.0","0.0","10.0","7.0","3.0"
"IL-508","East Saint Louis/Belleville/Saint Clair County CoC","339.0","201.0","138.0","171.0","64.0","107.0","168.0","137.0","31.0","97.0","8.0","89.0","82.0","2.0","80.0","15.0","6.0","9.0","35.0","29.0","6.0"
"IL-509","Dekalb City & County CoC","96.0","90.0","6.0","34.0","28.0","6.0","62.0","62.0","0.0","1.0","0.0","1.0","1.0","0.0","1.0","0.0","0.0","0.0","0.0","0.0","0.0"
"IL-510","Chicago CoC","6287.0","5328.0","959.0","3738.0","2783.0","955.0","2549.0","2545.0","4.0","655.0","421.0","234.0","655.0","421.0","234.0","0.0","0.0","0.0","714.0","458.0","256.0"
"IL-511","Cook County CoC","1182.0","1031.0","151.0","643.0","497.0","146.0","539.0","534.0","5.0","97.0","67.0","30.0","97.0","67.0","30.0","0.0","0.0","0.0","105.0","84.0","21.0"
"IL-512","Bloomington/Central Illinois CoC","669.0","553.0","116.0","219.0","159.0","60.0","450.0","394.0","56.0","59.0","54.0","5.0","59.0","54.0","5.0","0.0","0.0","0.0","52.0","44.0","8.0"
"IL-513","Springfield/Sangamon County CoC","269.0","248.0","21.0","175.0","161.0","14.0","94.0","87.0","7.0","52.0","45.0","7.0","38.0","31.0","7.0","14.0","14.0","0.0","25.0","24.0","1.0"
"IL-514","DuPage County CoC","654.0","625.0","29.0","300.0","271.0","29.0","354.0","354.0","0.0","73.0","68.0","5.0","71.0","66.0","5.0","2.0","2.0","0.0","19.0","16.0","3.0"
"IL-515","South Central Illinois CoC","118.0","114.0","4.0","23.0","19.0","4.0","95.0","95.0","0.0","3.0","2.0","1.0","3.0","2.0","1.0","0.0","0.0","0.0","4.0","4.0","0.0"
"IL-516","Decatur/Macon County CoC","256.0","190.0","66.0","151.0","99.0","52.0","105.0","91.0","14.0","65.0","39.0","26.0","46.0","24.0","22.0","19.0","15.0","4.0","17.0","9.0","8.0"
"IL-517","Aurora/Elgin/Kane County CoC","405.0","359.0","46.0","310.0","264.0","46.0","95.0","95.0","0.0","95.0","74.0","21.0","92.0","71.0","21.0","3.0","3.0","0.0","34.0","28.0","6.0"
"IL-518","Rock Island/Moline/Northwestern Illinois CoC","218.0","217.0","1.0","103.0","102.0","1.0","115.0","115.0","0.0","9.0","9.0","0.0","9.0","9.0","0.0","0.0","0.0","0.0","13.0","13.0","0.0"
"IL-519","West Central Illinois CoC","145.0","140.0","5.0","61.0","56.0","5.0","84.0","84.0","0.0","6.0","6.0","0.0","4.0","4.0","0.0","2.0","2.0","0.0","5.0","5.0","0.0"
"IL-520","Southern Illinois CoC","325.0","279.0","46.0","175.0","142.0","33.0","150.0","137.0","13.0","39.0","18.0","21.0","28.0","9.0","19.0","11.0","9.0","2.0","39.0","34.0","5.0"
"IN-502","Indiana Balance of State CoC","4081.0","3752.0","329.0","2598.0","2279.0","319.0","1483.0","1473.0","10.0","365.0","282.0","83.0","331.0","250.0","81.0","34.0","32.0","2.0","359.0","328.0","31.0"
"IN-503","Indianapolis CoC","1890.0","1816.0","74.0","1355.0","1281.0","74.0","535.0","535.0","0.0","231.0","203.0","28.0","211.0","183.0","28.0","20.0","20.0","0.0","366.0","359.0","7.0"
"KS-502","Wichita/Sedgwick County CoC","631.0","548.0","83.0","442.0","359.0","83.0","189.0","189.0","0.0","107.0","80.0","27.0","107.0","80.0","27.0","0.0","0.0","0.0","62.0","45.0","17.0"
"KS-503","Topeka/Shawnee County CoC","416.0","385.0","31.0","232.0","201.0","31.0","184.0","184.0","0.0","75.0","61.0","14.0","57.0","43.0","14.0","18.0","18.0","0.0","66.0","66.0","0.0"
"KS-505","Overland Park/Shawnee/Johnson County CoC","167.0","160.0","7.0","24.0","20.0","4.0","143.0","140.0","3.0","6.0","3.0","3.0","2.0","1.0","1.0","4.0","2.0","2.0","1.0","1.0","0.0"
"KS-507","Kansas Balance of State CoC","1307.0","1225.0","82.0","692.0","615.0","77.0","615.0","610.0","5.0","79.0","41.0","38.0","71.0","33.0","38.0","8.0","8.0","0.0","213.0","203.0","10.0"
"KY-500","Kentucky Balance of State CoC","2229.0","1559.0","670.0","1267.0","879.0","388.0","962.0","680.0","282.0","300.0","160.0","140.0","241.0","137.0","104.0","59.0","23.0","36.0","179.0","167.0","12.0"
"KY-501","Louisville/Jefferson County CoC","1316.0","1246.0","70.0","978.0","908.0","70.0","338.0","338.0","0.0","208.0","152.0","56.0","187.0","131.0","56.0","21.0","21.0","0.0","218.0","209.0","9.0"
"KY-502","Lexington/Fayette County CoC","1544.0","1453.0","91.0","1107.0","1018.0","89.0","437.0","435.0","2.0","219.0","187.0","32.0","186.0","156.0","30.0","33.0","31.0","2.0","203.0","182.0","21.0"
"LA-500","Lafayette/Acadiana CoC","471.0","441.0","30.0","290.0","260.0","30.0","181.0","181.0","0.0","43.0","35.0","8.0","43.0","35.0","8.0","0.0","0.0","0.0","46.0","40.0","6.0"
"LA-502","Shreveport/Bossier/Northwest CoC","655.0","529.0","126.0","373.0","247.0","126.0","282.0","282.0","0.0","128.0","56.0","72.0","119.0","47.0","72.0","9.0","9.0","0.0","68.0","54.0","14.0"
"LA-503","New Orleans/Jefferson Parish CoC","1981.0","1163.0","818.0","1695.0","877.0","818.0","286.0","286.0","0.0","472.0","77.0","395.0","465.0","70.0","395.0","7.0","7.0","0.0","193.0","126.0","67.0"
"LA-505","Monroe/Northeast Louisiana CoC","220.0","182.0","38.0","102.0","77.0","25.0","118.0","105.0","13.0","26.0","20.0","6.0","15.0","9.0","6.0","11.0","11.0","0.0","18.0","12.0","6.0"
"LA-506","Slidell/Southeast Louisiana CoC","262.0","219.0","43.0","164.0","131.0","33.0","98.0","88.0","10.0","33.0","20.0","13.0","30.0","20.0","10.0","3.0","0.0","3.0","43.0","41.0","2.0"
"LA-507","Alexandria/Central Louisiana CoC","141.0","128.0","13.0","111.0","98.0","13.0","30.0","30.0","0.0","28.0","19.0","9.0","28.0","19.0","9.0","0.0","0.0","0.0","5.0","2.0","3.0"
"LA-508","Houma-Terrebonne/Thibodaux CoC","121.0","119.0","2.0","50.0","48.0","2.0","71.0","71.0","0.0","6.0","4.0","2.0","6.0","4.0","2.0","0.0","0.0","0.0","19.0","19.0","0.0"
"LA-509","Louisiana Balance of State (BoS)","755.0","722.0","33.0","659.0","626.0","33.0","96.0","96.0","0.0","40.0","31.0","9.0","37.0","28.0","9.0","3.0","3.0","0.0","45.0","38.0","7.0"
"MA-500","Boston CoC","5987.0","5807.0","180.0","2609.0","2429.0","180.0","3378.0","3378.0","0.0","815.0","770.0","45.0","568.0","523.0","45.0","247.0","247.0","0.0","450.0","436.0","14.0"
"MA-502","Lynn CoC","382.0","372.0","10.0","122.0","112.0","10.0","260.0","260.0","0.0","6.0","2.0","4.0","6.0","2.0","4.0","0.0","0.0","0.0","11.0","10.0","1.0"
"MA-503","Cape Cod/Islands CoC","381.0","295.0","86.0","223.0","146.0","77.0","158.0","149.0","9.0","108.0","72.0","36.0","79.0","43.0","36.0","29.0","29.0","0.0","17.0","15.0","2.0"
"MA-504","Springfield CoC","2690.0","2655.0","35.0","438.0","403.0","35.0","2252.0","2252.0","0.0","520.0","502.0","18.0","83.0","65.0","18.0","437.0","437.0","0.0","42.0","41.0","1.0"
"MA-505","New Bedford CoC","349.0","333.0","16.0","231.0","215.0","16.0","118.0","118.0","0.0","11.0","2.0","9.0","11.0","2.0","9.0","0.0","0.0","0.0","52.0","51.0","1.0"
"MA-506","Worcester City & County CoC","1796.0","1747.0","49.0","468.0","422.0","46.0","1328.0","1325.0","3.0","62.0","43.0","19.0","53.0","34.0","19.0","9.0","9.0","0.0","143.0","142.0","1.0"
"MA-507","Pittsfield/Berkshire County CoC","753.0","724.0","29.0","506.0","477.0","29.0","247.0","247.0","0.0","153.0","136.0","17.0","112.0","95.0","17.0","41.0","41.0","0.0","256.0","256.0","0.0"
"MA-508","Lowell CoC","588.0","553.0","35.0","216.0","181.0","35.0","372.0","372.0","0.0","83.0","71.0","12.0","45.0","33.0","12.0","38.0","38.0","0.0","47.0","45.0","2.0"
"MA-509","Cambridge CoC","551.0","504.0","47.0","370.0","323.0","47.0","181.0","181.0","0.0","140.0","109.0","31.0","121.0","90.0","31.0","19.0","19.0","0.0","20.0","17.0","3.0"
"MA-510","Gloucester/Haverhill/Salem/Essex County CoC","1487.0","1413.0","74.0","309.0","235.0","74.0","1178.0","1178.0","0.0","194.0","171.0","23.0","162.0","139.0","23.0","32.0","32.0","0.0","34.0","34.0","0.0"
"MA-511","Quincy/Brockton/Weymouth/Plymouth City and County CoC","1643.0","1603.0","40.0","404.0","364.0","40.0","1239.0","1239.0","0.0","167.0","149.0","18.0","100.0","82.0","18.0","67.0","67.0","0.0","82.0","82.0","0.0"
"MA-515","Fall River CoC","354.0","276.0","78.0","213.0","135.0","78.0","141.0","141.0","0.0","66.0","56.0","10.0","58.0","48.0","10.0","8.0","8.0","0.0","9.0","5.0","4.0"
"MA-516","Massachusetts Balance of State","3900.0","3838.0","62.0","530.0","468.0","62.0","3370.0","3370.0","0.0","943.0","890.0","53.0","154.0","101.0","53.0","789.0","789.0","0.0","83.0","82.0","1.0"
"MA-517","Somerville CoC","154.0","150.0","4.0","97.0","93.0","4.0","57.0","57.0","0.0","28.0","24.0","4.0","25.0","21.0","4.0","3.0","3.0","0.0","15.0","15.0","0.0"
"MA-519","Attleboro/Taunton/Bristol County CoC","222.0","208.0","14.0","52.0","38.0","14.0","170.0","170.0","0.0","15.0","9.0","6.0","13.0","7.0","6.0","2.0","2.0","0.0","3.0","3.0","0.0"
"MD-500","Cumberland/Allegany County CoC","120.0","105.0","15.0","48.0","37.0","11.0","72.0","68.0","4.0","19.0","15.0","4.0","5.0","5.0","0.0","14.0","10.0","4.0","11.0","10.0","1.0"
"MD-501","Baltimore City CoC","2567.0","2272.0","295.0","1977.0","1722.0","255.0","590.0","550.0","40.0","491.0","402.0","89.0","475.0","399.0","76.0","16.0","3.0","13.0","305.0","284.0","21.0"
"MD-502","Harford County CoC","223.0","217.0","6.0","80.0","74.0","6.0","143.0","143.0","0.0","82.0","79.0","3.0","39.0","36.0","3.0","43.0","43.0","0.0","8.0","7.0","1.0"
"MD-503","Annapolis/Anne Arundel County CoC","384.0","333.0","51.0","225.0","174.0","51.0","159.0","159.0","0.0","73.0","42.0","31.0","69.0","38.0","31.0","4.0","4.0","0.0","18.0","18.0","0.0"
"MD-504","Howard County CoC","170.0","148.0","22.0","98.0","76.0","22.0","72.0","72.0","0.0","42.0","33.0","9.0","42.0","33.0","9.0","0.0","0.0","0.0","8.0","6.0","2.0"
"MD-505","Baltimore County CoC","569.0","392.0","177.0","387.0","210.0","177.0","182.0","182.0","0.0","119.0","63.0","56.0","105.0","49.0","56.0","14.0","14.0","0.0","25.0","13.0","12.0"
"MD-506","Carroll County CoC","124.0","118.0","6.0","84.0","78.0","6.0","40.0","40.0","0.0","22.0","21.0","1.0","22.0","21.0","1.0","0.0","0.0","0.0","6.0","6.0","0.0"
"MD-507","Cecil County CoC","195.0","159.0","36.0","142.0","106.0","36.0","53.0","53.0","0.0","49.0","27.0","22.0","42.0","20.0","22.0","7.0","7.0","0.0","69.0","65.0","4.0"
"MD-508","Charles, Calvert, St.Mary's Counties CoC","1141.0","551.0","590.0","572.0","306.0","266.0","569.0","245.0","324.0","456.0","206.0","250.0","353.0","167.0","186.0","103.0","39.0","64.0","68.0","33.0","35.0"
"MD-509","Frederick City & County CoC","246.0","197.0","49.0","141.0","92.0","49.0","105.0","105.0","0.0","90.0","57.0","33.0","90.0","57.0","33.0","0.0","0.0","0.0","10.0","6.0","4.0"
"MD-510","Garrett County CoC","13.0","8.0","5.0","7.0","6.0","1.0","6.0","2.0","4.0","0.0","0.0","0.0","0.0","0.0","0.0","0.0","0.0","0.0","1.0","1.0","0.0"
"MD-511","Mid-Shore Regional CoC","111.0","93.0","18.0","80.0","65.0","15.0","31.0","28.0","3.0","15.0","7.0","8.0","12.0","7.0","5.0","3.0","0.0","3.0","9.0","8.0","1.0"
"MD-512","Hagerstown/Washington County CoC","107.0","103.0","4.0","64.0","60.0","4.0","43.0","43.0","0.0","15.0","12.0","3.0","8.0","5.0","3.0","7.0","7.0","0.0","19.0","19.0","0.0"
"MD-513","Wicomico/Somerset/Worcester County CoC","336.0","295.0","41.0","251.0","220.0","31.0","85.0","75.0","10.0","30.0","23.0","7.0","30.0","23.0","7.0","0.0","0.0","0.0","36.0","32.0","4.0"
"MD-600","Prince George`s County/Maryland CoC","659.0","480.0","179.0","221.0","138.0","83.0","438.0","342.0","96.0","56.0","19.0","37.0","47.0","13.0","34.0","9.0","6.0","3.0","26.0","19.0","7.0"
"MD-601","Montgomery County CoC","891.0","796.0","95.0","603.0","508.0","95.0","288.0","288.0","0.0","181.0","129.0","52.0","176.0","124.0","52.0","5.0","5.0","0.0","35.0","28.0","7.0"
"ME-500","Maine Balance of State CoC","2726.0","2633.0","93.0","1348.0","1282.0","66.0","1378.0","1351.0","27.0","244.0","218.0","26.0","218.0","200.0","18.0","26.0","18.0","8.0","152.0","138.0","14.0"
"MI-500","Michigan Balance of State CoC","2253.0","1736.0","517.0","1078.0","690.0","388.0","1175.0","1046.0","129.0","110.0","57.0","53.0","88.0","50.0","38.0","22.0","7.0","15.0","88.0","66.0","22.0"
"MI-501","Detroit CoC","2755.0","2473.0","282.0","2264.0","1986.0","278.0","491.0","487.0","4.0","343.0","235.0","108.0","316.0","208.0","108.0","27.0","27.0","0.0","525.0","514.0","11.0"
"MI-502","Dearborn/Dearborn Heights/Westland/Wayne County CoC","456.0","434.0","22.0","191.0","169.0","22.0","265.0","265.0","0.0","23.0","17.0","6.0","23.0","17.0","6.0","0.0","0.0","0.0","38.0","34.0","4.0"
"MI-503","St. Clair Shores/Warren/Macomb County CoC","343.0","301.0","42.0","282.0","240.0","42.0","61.0","61.0","0.0","58.0","53.0","5.0","54.0","49.0","5.0","4.0","4.0","0.0","9.0","9.0","0.0"
"MI-504","Pontiac/Royal Oak/Oakland County CoC","457.0","382.0","75.0","287.0","212.0","75.0","170.0","170.0","0.0","52.0","52.0","0.0","52.0","52.0","0.0","0.0","0.0","0.0","18.0","14.0","4.0"
"MI-505","Flint/Genesee County CoC","635.0","288.0","347.0","472.0","190.0","282.0","163.0","98.0","65.0","105.0","11.0","94.0","102.0","11.0","91.0","3.0","0.0","3.0","45.0","22.0","23.0"
"MI-506","Grand Rapids/Wyoming/Kent County CoC","793.0","760.0","33.0","424.0","391.0","33.0","369.0","369.0","0.0","73.0","55.0","18.0","73.0","55.0","18.0","0.0","0.0","0.0","59.0","55.0","4.0"
"MI-507","Portage/Kalamazoo City & County CoC","681.0","671.0","10.0","370.0","360.0","10.0","311.0","311.0","0.0","54.0","52.0","2.0","48.0","46.0","2.0","6.0","6.0","0.0","26.0","26.0","0.0"
"MI-508","Lansing/East Lansing/Ingham County CoC","429.0","414.0","15.0","294.0","279.0","15.0","135.0","135.0","0.0","62.0","56.0","6.0","51.0","45.0","6.0","11.0","11.0","0.0","54.0","53.0","1.0"
"MI-509","Ann Arbor/Washtenaw County CoC","545.0","379.0","166.0","421.0","272.0","149.0","124.0","107.0","17.0","139.0","82.0","57.0","139.0","82.0","57.0","0.0","0.0","0.0","57.0","47.0","10.0"
"MI-510","Saginaw City & County CoC","325.0","313.0","12.0","190.0","181.0","9.0","135.0","132.0","3.0","15.0","12.0","3.0","10.0","10.0","0.0","5.0","2.0","3.0","24.0","24.0","0.0"
"MI-511","Lenawee County CoC","138.0","118.0","20.0","43.0","42.0","1.0","95.0","76.0","19.0","6.0","5.0","1.0","6.0","5.0","1.0","0.0","0.0","0.0","8.0","8.0","0.0"
"MI-512","Grand Traverse, Antrim, Leelanau Counties CoC","396.0","341.0","55.0","201.0","146.0","55.0","195.0","195.0","0.0","91.0","68.0","23.0","86.0","63.0","23.0","5.0","5.0","0.0","18.0","16.0","2.0"
"MI-513","Marquette, Alger Counties CoC","80.0","75.0","5.0","45.0","42.0","3.0","35.0","33.0","2.0","9.0","9.0","0.0","9.0","9.0","0.0","0.0","0.0","0.0","6.0","6.0","0.0"
"MI-514","Battle Creek/Calhoun County CoC","284.0","230.0","54.0","209.0","155.0","54.0","75.0","75.0","0.0","33.0","16.0","17.0","33.0","16.0","17.0","0.0","0.0","0.0","60.0","40.0","20.0"
"MI-515","Monroe City & County CoC","185.0","182.0","3.0","147.0","144.0","3.0","38.0","38.0","0.0","20.0","19.0","1.0","8.0","7.0","1.0","12.0","12.0","0.0","34.0","33.0","1.0"
"MI-516","Norton Shores/Muskegon City & County CoC","584.0","176.0","408.0","264.0","138.0","126.0","320.0","38.0","282.0","63.0","3.0","60.0","31.0","3.0","28.0","32.0","0.0","32.0","23.0","8.0","15.0"
"MI-517","Jackson City & County CoC","240.0","207.0","33.0","108.0","75.0","33.0","132.0","132.0","0.0","15.0","10.0","5.0","13.0","8.0","5.0","2.0","2.0","0.0","15.0","4.0","11.0"
"MI-518","Livingston County CoC","135.0","105.0","30.0","89.0","59.0","30.0","46.0","46.0","0.0","15.0","8.0","7.0","11.0","4.0","7.0","4.0","4.0","0.0","2.0","2.0","0.0"
"MI-519","Holland/Ottawa County CoC","387.0","379.0","8.0","146.0","138.0","8.0","241.0","241.0","0.0","7.0","5.0","2.0","7.0","5.0","2.0","0.0","0.0","0.0","10.0","10.0","0.0"
"MI-523","Eaton County CoC","126.0","111.0","15.0","10.0","7.0","3.0","116.0","104.0","12.0","0.0","0.0","0.0","0.0","0.0","0.0","0.0","0.0","0.0","3.0","3.0","0.0"
"MN-500","Minneapolis/Hennepin County CoC","3731.0","3521.0","210.0","1643.0","1439.0","204.0","2088.0","2082.0","6.0","576.0","425.0","151.0","426.0","275.0","151.0","150.0","150.0","0.0","119.0","106.0","13.0"
"MN-501","Saint Paul/Ramsey County CoC","1500.0","1432.0","68.0","725.0","663.0","62.0","775.0","769.0","6.0","247.0","203.0","44.0","198.0","154.0","44.0","49.0","49.0","0.0","67.0","62.0","5.0"
"MN-502","Rochester/Southeast Minnesota CoC","482.0","458.0","24.0","115.0","98.0","17.0","367.0","360.0","7.0","66.0","56.0","10.0","32.0","22.0","10.0","34.0","34.0","0.0","3.0","3.0","0.0"
"MN-503","Dakota, Anoka, Washington, Scott, Carver Counties","735.0","637.0","98.0","262.0","203.0","59.0","473.0","434.0","39.0","81.0","64.0","17.0","42.0","29.0","13.0","39.0","35.0","4.0","18.0","10.0","8.0"
"MN-504","Northeast Minnesota CoC","200.0","66.0","134.0","90.0","12.0","78.0","110.0","54.0","56.0","18.0","0.0","18.0","7.0","0.0","7.0","11.0","0.0","11.0","13.0","5.0","8.0"
"MN-505","St. Cloud/Central Minnesota CoC","607.0","500.0","107.0","340.0","244.0","96.0","267.0","256.0","11.0","52.0","18.0","34.0","40.0","14.0","26.0","12.0","4.0","8.0","53.0","45.0","8.0"
"MN-506","Northwest Minnesota CoC","299.0","280.0","19.0","89.0","83.0","6.0","210.0","197.0","13.0","50.0","45.0","5.0","26.0","21.0","5.0","24.0","24.0","0.0","3.0","1.0","2.0"
"MN-508","Moorhead/West Central Minnesota CoC","214.0","203.0","11.0","112.0","101.0","11.0","102.0","102.0","0.0","26.0","23.0","3.0","16.0","13.0","3.0","10.0","10.0","0.0","15.0","14.0","1.0"
"MN-509","Duluth/St.Louis County CoC","429.0","305.0","124.0","240.0","127.0","113.0","189.0","178.0","11.0","114.0","50.0","64.0","96.0","32.0","64.0","18.0","18.0","0.0","24.0","15.0","9.0"
"MN-511","Southwest Minnesota CoC","180.0","180.0","0.0","36.0","36.0","0.0","144.0","144.0","0.0","5.0","5.0","0.0","2.0","2.0","0.0","3.0","3.0","0.0","2.0","2.0","0.0"
"MO-500","St. Louis County CoC","402.0","347.0","55.0","183.0","173.0","10.0","219.0","174.0","45.0","15.0","10.0","5.0","10.0","5.0","5.0","5.0","5.0","0.0","47.0","43.0","4.0"
"MO-501","St.Louis City CoC","1354.0","1258.0","96.0","780.0","693.0","87.0","574.0","565.0","9.0","202.0","174.0","28.0","106.0","80.0","26.0","96.0","94.0","2.0","160.0","140.0","20.0"
"MO-503","St. Charles, Lincoln, Warren Counties CoC","896.0","614.0","282.0","299.0","165.0","134.0","597.0","449.0","148.0","79.0","48.0","31.0","37.0","11.0","26.0","42.0","37.0","5.0","8.0","6.0","2.0"
"MO-600","Springfield/Greene, Christian, Webster Counties CoC","656.0","572.0","84.0","454.0","370.0","84.0","202.0","202.0","0.0","101.0","17.0","84.0","101.0","17.0","84.0","0.0","0.0","0.0","55.0","40.0","15.0"
"MO-602","Joplin/Jasper, Newton Counties CoC","315.0","281.0","34.0","173.0","146.0","27.0","142.0","135.0","7.0","35.0","19.0","16.0","28.0","12.0","16.0","7.0","7.0","0.0","43.0","40.0","3.0"
"MO-603","St. Joseph/Andrew, Buchanan, DeKalb Counties CoC","200.0","194.0","6.0","115.0","109.0","6.0","85.0","85.0","0.0","54.0","51.0","3.0","49.0","46.0","3.0","5.0","5.0","0.0","17.0","17.0","0.0"
"MO-604a","Kansas City, Independence, Leeâ€™s Summit/Jackson, Wyandotte Counties, MO & KS","2193.0","1918.0","275.0","1614.0","1363.0","251.0","579.0","555.0","24.0","374.0","263.0","111.0","338.0","229.0","109.0","36.0","34.0","2.0","251.0","206.0","45.0"
"MO-606","Missouri Balance of State CoC","1528.0","1341.0","187.0","832.0","732.0","100.0","696.0","609.0","87.0","190.0","159.0","31.0","119.0","96.0","23.0","71.0","63.0","8.0","122.0","112.0","10.0"
"MS-500","Jackson/Rankin, Madison Counties CoC","846.0","511.0","335.0","689.0","354.0","335.0","157.0","157.0","0.0","176.0","50.0","126.0","171.0","45.0","126.0","5.0","5.0","0.0","144.0","123.0","21.0"
"MS-501","Mississippi Balance of State CoC","954.0","700.0","254.0","684.0","470.0","214.0","270.0","230.0","40.0","45.0","19.0","26.0","43.0","19.0","24.0","2.0","0.0","2.0","101.0","87.0","14.0"
"MS-503","Gulf Port/Gulf Coast Regional CoC","426.0","194.0","232.0","341.0","109.0","232.0","85.0","85.0","0.0","61.0","10.0","51.0","61.0","10.0","51.0","0.0","0.0","0.0","34.0","11.0","23.0"
"MT-500","Montana Statewide CoC","1745.0","911.0","834.0","1167.0","493.0","674.0","578.0","418.0","160.0","270.0","77.0","193.0","256.0","71.0","185.0","14.0","6.0","8.0","256.0","94.0","162.0"
"NC-500","Winston Salem/Forsyth County CoC","515.0","496.0","19.0","414.0","395.0","19.0","101.0","101.0","0.0","99.0","86.0","13.0","96.0","83.0","13.0","3.0","3.0","0.0","43.0","43.0","0.0"
"NC-501","Asheville/Buncombe County CoC","530.0","465.0","65.0","478.0","413.0","65.0","52.0","52.0","0.0","47.0","7.0","40.0","47.0","7.0","40.0","0.0","0.0","0.0","224.0","217.0","7.0"
"NC-502","Durham City & County CoC","811.0","758.0","53.0","635.0","582.0","53.0","176.0","176.0","0.0","111.0","82.0","29.0","102.0","73.0","29.0","9.0","9.0","0.0","136.0","130.0","6.0"
"NC-503","North Carolina Balance of State CoC","3195.0","2508.0","687.0","2027.0","1454.0","573.0","1168.0","1054.0","114.0","415.0","193.0","222.0","353.0","165.0","188.0","62.0","28.0","34.0","183.0","130.0","53.0"
"NC-504","Greensboro/High Point CoC","897.0","798.0","99.0","617.0","518.0","99.0","280.0","280.0","0.0","109.0","43.0","66.0","107.0","41.0","66.0","2.0","2.0","0.0","98.0","91.0","7.0"
"NC-505","Charlotte/Mecklenberg CoC","2014.0","1850.0","164.0","1194.0","1039.0","155.0","820.0","811.0","9.0","210.0","129.0","81.0","203.0","122.0","81.0","7.0","7.0","0.0","157.0","142.0","15.0"
"NC-506","Wilmington/Brunswick, New Hanover, Pender Counties CoC","321.0","234.0","87.0","262.0","181.0","81.0","59.0","53.0","6.0","64.0","13.0","51.0","64.0","13.0","51.0","0.0","0.0","0.0","48.0","31.0","17.0"
"NC-507","Raleigh/Wake County CoC","1170.0","1046.0","124.0","819.0","719.0","100.0","351.0","327.0","24.0","98.0","84.0","14.0","68.0","56.0","12.0","30.0","28.0","2.0","110.0","101.0","9.0"
"NC-509","Gastonia/Cleveland, Gaston, Lincoln Counties CoC","423.0","232.0","191.0","311.0","152.0","159.0","112.0","80.0","32.0","94.0","41.0","53.0","90.0","37.0","53.0","4.0","4.0","0.0","69.0","51.0","18.0"
"NC-511","Fayetteville/Cumberland County CoC","653.0","268.0","385.0","397.0","138.0","259.0","256.0","130.0","126.0","127.0","20.0","107.0","101.0","20.0","81.0","26.0","0.0","26.0","66.0","34.0","32.0"
"NC-513","Chapel Hill/Orange County CoC","108.0","99.0","9.0","82.0","73.0","9.0","26.0","26.0","0.0","23.0","16.0","7.0","23.0","16.0","7.0","0.0","0.0","0.0","13.0","11.0","2.0"
"NC-516","Northwest North Carolina CoC","854.0","120.0","734.0","262.0","74.0","188.0","592.0","46.0","546.0","34.0","6.0","28.0","30.0","6.0","24.0","4.0","0.0","4.0","17.0","1.0","16.0"
"ND-500","North Dakota Statewide CoC","1258.0","794.0","464.0","886.0","526.0","360.0","372.0","268.0","104.0","115.0","101.0","14.0","111.0","97.0","14.0","4.0","4.0","0.0","151.0","117.0","34.0"
"NE-500","Nebraska Balance of State CoC","560.0","523.0","37.0","269.0","236.0","33.0","291.0","287.0","4.0","73.0","62.0","11.0","62.0","51.0","11.0","11.0","11.0","0.0","27.0","18.0","9.0"
"NE-501","Omaha/Council Bluffs CoC","1630.0","1604.0","26.0","1113.0","1087.0","26.0","517.0","517.0","0.0","247.0","242.0","5.0","208.0","203.0","5.0","39.0","39.0","0.0","133.0","131.0","2.0"
"NE-502","Lincoln CoC","836.0","790.0","46.0","511.0","465.0","46.0","325.0","325.0","0.0","106.0","93.0","13.0","95.0","82.0","13.0","11.0","11.0","0.0","81.0","75.0","6.0"
"NH-500","New Hampshire Balance of State CoC","689.0","627.0","62.0","361.0","313.0","48.0","328.0","314.0","14.0","187.0","161.0","26.0","155.0","131.0","24.0","32.0","30.0","2.0","40.0","37.0","3.0"
"NH-501","Manchester CoC","407.0","348.0","59.0","249.0","190.0","59.0","158.0","158.0","0.0","71.0","52.0","19.0","71.0","52.0","19.0","0.0","0.0","0.0","54.0","49.0","5.0"
"NH-502","Nashua/Hillsborough County CoC","280.0","268.0","12.0","185.0","173.0","12.0","95.0","95.0","0.0","80.0","73.0","7.0","75.0","68.0","7.0","5.0","5.0","0.0","77.0","76.0","1.0"
"NJ-500","Atlantic City & County CoC","544.0","476.0","68.0","494.0","426.0","68.0","50.0","50.0","0.0","141.0","111.0","30.0","138.0","108.0","30.0","3.0","3.0","0.0","41.0","36.0","5.0"
"NJ-501","Bergen County CoC","371.0","338.0","33.0","218.0","187.0","31.0","153.0","151.0","2.0","35.0","25.0","10.0","32.0","22.0","10.0","3.0","3.0","0.0","18.0","16.0","2.0"
"NJ-502","Burlington County CoC","1020.0","999.0","21.0","520.0","501.0","19.0","500.0","498.0","2.0","157.0","157.0","0.0","103.0","103.0","0.0","54.0","54.0","0.0","18.0","18.0","0.0"
"NJ-503","Camden City/Camden, Cumberland, Gloucester, Cape May Counties CoC","1695.0","1593.0","102.0","972.0","874.0","98.0","723.0","719.0","4.0","158.0","113.0","45.0","140.0","95.0","45.0","18.0","18.0","0.0","138.0","127.0","11.0"
"NJ-504","Newark/Essex County CoC","1483.0","1260.0","223.0","923.0","700.0","223.0","560.0","560.0","0.0","174.0","76.0","98.0","174.0","76.0","98.0","0.0","0.0","0.0","54.0","35.0","19.0"
"NJ-506","Jersey City/Bayonne/Hudson County CoC","821.0","655.0","166.0","535.0","371.0","164.0","286.0","284.0","2.0","156.0","60.0","96.0","149.0","55.0","94.0","7.0","5.0","2.0","35.0","20.0","15.0"
"NJ-507","New Brunswick/Middlesex County CoC","802.0","700.0","102.0","394.0","296.0","98.0","408.0","404.0","4.0","105.0","80.0","25.0","56.0","31.0","25.0","49.0","49.0","0.0","32.0","23.0","9.0"
"NJ-508","Monmouth County CoC","588.0","576.0","12.0","209.0","197.0","12.0","379.0","379.0","0.0","80.0","77.0","3.0","48.0","45.0","3.0","32.0","32.0","0.0","12.0","10.0","2.0"
"NJ-509","Morris County CoC","389.0","359.0","30.0","263.0","233.0","30.0","126.0","126.0","0.0","57.0","39.0","18.0","57.0","39.0","18.0","0.0","0.0","0.0","14.0","12.0","2.0"
"NJ-510","Lakewood Township/Ocean County CoC","627.0","569.0","58.0","334.0","276.0","58.0","293.0","293.0","0.0","120.0","96.0","24.0","85.0","61.0","24.0","35.0","35.0","0.0","6.0","5.0","1.0"
"NJ-511","Paterson/Passaic County CoC","376.0","372.0","4.0","187.0","183.0","4.0","189.0","189.0","0.0","17.0","15.0","2.0","17.0","15.0","2.0","0.0","0.0","0.0","6.0","5.0","1.0"
"NJ-512","Salem County CoC","42.0","38.0","4.0","21.0","17.0","4.0","21.0","21.0","0.0","1.0","1.0","0.0","1.0","1.0","0.0","0.0","0.0","0.0","2.0","1.0","1.0"
"NJ-513","Somerset County CoC","323.0","310.0","13.0","221.0","212.0","9.0","102.0","98.0","4.0","14.0","13.0","1.0","14.0","13.0","1.0","0.0","0.0","0.0","141.0","139.0","2.0"
"NJ-514","Trenton/Mercer County CoC","632.0","594.0","38.0","431.0","398.0","33.0","201.0","196.0","5.0","64.0","48.0","16.0","62.0","46.0","16.0","2.0","2.0","0.0","38.0","34.0","4.0"
"NJ-515","Elizabeth/Union County CoC","1679.0","1631.0","48.0","517.0","471.0","46.0","1162.0","1160.0","2.0","82.0","61.0","21.0","44.0","23.0","21.0","38.0","38.0","0.0","13.0","11.0","2.0"
"NJ-516","Warren, Sussex, Hunterdon Counties CoC","279.0","266.0","13.0","207.0","194.0","13.0","72.0","72.0","0.0","38.0","35.0","3.0","30.0","27.0","3.0","8.0","8.0","0.0","62.0","62.0","0.0"
"NM-500","Albuquerque CoC","1254.0","1110.0","144.0","868.0","726.0","142.0","386.0","384.0","2.0","200.0","133.0","67.0","181.0","116.0","65.0","19.0","17.0","2.0","249.0","224.0","25.0"
"NM-501","New Mexico Balance of State CoC","1492.0","1208.0","284.0","936.0","703.0","233.0","556.0","505.0","51.0","509.0","357.0","152.0","436.0","342.0","94.0","73.0","15.0","58.0","69.0","34.0","35.0"
"NV-500","Las Vegas/Clark County CoC","7443.0","3949.0","3494.0","6352.0","2858.0","3494.0","1091.0","1091.0","0.0","460.0","38.0","422.0","458.0","36.0","422.0","2.0","2.0","0.0","897.0","433.0","464.0"
"NV-501","Reno/Sparks/Washoe County CoC","769.0","672.0","97.0","700.0","603.0","97.0","69.0","69.0","0.0","124.0","55.0","69.0","124.0","55.0","69.0","0.0","0.0","0.0","119.0","104.0","15.0"
"NV-502","Nevada Balance of State CoC","370.0","176.0","194.0","304.0","110.0","194.0","66.0","66.0","0.0","121.0","11.0","110.0","115.0","5.0","110.0","6.0","6.0","0.0","20.0","9.0","11.0"
"NY-500","Rochester/Irondequoit/Greece/Monroe County CoC","838.0","787.0","51.0","494.0","448.0","46.0","344.0","339.0","5.0","31.0","31.0","0.0","28.0","28.0","0.0","3.0","3.0","0.0","51.0","47.0","4.0"
"NY-501","Elmira/Steuben, Allegany, Livingston, Chemung, Schuyler Counties CoC","512.0","365.0","147.0","378.0","252.0","126.0","134.0","113.0","21.0","65.0","20.0","45.0","36.0","12.0","24.0","29.0","8.0","21.0","100.0","35.0","65.0"
"NY-503","Albany City & County CoC","650.0","621.0","29.0","439.0","410.0","29.0","211.0","211.0","0.0","81.0","59.0","22.0","81.0","59.0","22.0","0.0","0.0","0.0","48.0","43.0","5.0"
"NY-504","Cattaragus County CoC","33.0","31.0","2.0","12.0","10.0","2.0","21.0","21.0","0.0","1.0","1.0","0.0","1.0","1.0","0.0","0.0","0.0","0.0","0.0","0.0","0.0"
"NY-505","Syracuse, Auburn/Onondaga, Oswego, Cayuga Counties CoC","1024.0","1008.0","16.0","773.0","757.0","16.0","251.0","251.0","0.0","90.0","84.0","6.0","88.0","82.0","6.0","2.0","2.0","0.0","67.0","66.0","1.0"
"NY-507","Schenectady City & County CoC","243.0","219.0","24.0","138.0","114.0","24.0","105.0","105.0","0.0","26.0","14.0","12.0","26.0","14.0","12.0","0.0","0.0","0.0","17.0","16.0","1.0"
"NY-508","Buffalo, Niagara Falls/Erie, Niagara, Orleans, Genesee, Wyoming Counties CoC","1088.0","1021.0","67.0","692.0","625.0","67.0","396.0","396.0","0.0","98.0","52.0","46.0","84.0","38.0","46.0","14.0","14.0","0.0","108.0","97.0","11.0"
"NY-510","Ithaca/Tompkins County CoC","47.0","35.0","12.0","23.0","11.0","12.0","24.0","24.0","0.0","5.0","1.0","4.0","5.0","1.0","4.0","0.0","0.0","0.0","1.0","1.0","0.0"
"NY-511","Binghamton, Union/Broome, Otsego, Chenango, Delaware, Cortland, Tioga Counties C","309.0","270.0","39.0","251.0","227.0","24.0","58.0","43.0","15.0","24.0","15.0","9.0","13.0","9.0","4.0","11.0","6.0","5.0","8.0","8.0","0.0"
"NY-512","Troy/Rensselaer County CoC","216.0","164.0","52.0","102.0","50.0","52.0","114.0","114.0","0.0","47.0","18.0","29.0","38.0","9.0","29.0","9.0","9.0","0.0","10.0","6.0","4.0"
"NY-513","Wayne, Ontario, Seneca, Yates Counties CoC","92.0","92.0","0.0","79.0","79.0","0.0","13.0","13.0","0.0","34.0","34.0","0.0","27.0","27.0","0.0","7.0","7.0","0.0","28.0","28.0","0.0"
"NY-514","Jamestown/Dunkirk/Chautauqua County CoC","53.0","51.0","2.0","26.0","24.0","2.0","27.0","27.0","0.0","11.0","9.0","2.0","11.0","9.0","2.0","0.0","0.0","0.0","4.0","4.0","0.0"
"NY-516","Clinton County CoC","133.0","131.0","2.0","85.0","83.0","2.0","48.0","48.0","0.0","12.0","10.0","2.0","12.0","10.0","2.0","0.0","0.0","0.0","6.0","6.0","0.0"
"NY-518","Utica/Rome/Oneida, Madison Counties CoC","159.0","142.0","17.0","101.0","84.0","17.0","58.0","58.0","0.0","32.0","26.0","6.0","32.0","26.0","6.0","0.0","0.0","0.0","2.0","1.0","1.0"
"NY-519","Columbia/Greene County CoC","128.0","127.0","1.0","57.0","56.0","1.0","71.0","71.0","0.0","16.0","15.0","1.0","8.0","7.0","1.0","8.0","8.0","0.0","2.0","1.0","1.0"
"NY-520","Franklin County CoC","78.0","73.0","5.0","47.0","44.0","3.0","31.0","29.0","2.0","6.0","3.0","3.0","6.0","3.0","3.0","0.0","0.0","0.0","5.0","2.0","3.0"
"NY-522","Jefferson/Lewis/St. Lawrence Counties CoC","149.0","146.0","3.0","68.0","68.0","0.0","81.0","78.0","3.0","1.0","1.0","0.0","1.0","1.0","0.0","0.0","0.0","0.0","1.0","1.0","0.0"
"NY-523","Glens Falls/Saratoga Springs/Saratoga, Washington, Warren, Hamilton Counties CoC","262.0","255.0","7.0","171.0","164.0","7.0","91.0","91.0","0.0","37.0","37.0","0.0","37.0","37.0","0.0","0.0","0.0","0.0","42.0","40.0","2.0"
"NY-600","New York City CoC","67810.0","64453.0","3357.0","26177.0","22820.0","3357.0","41633.0","41633.0","0.0","5873.0","3728.0","2145.0","3371.0","1226.0","2145.0","2502.0","2502.0","0.0","1645.0","1316.0","329.0"
"NY-601","Poughkeepsie/Dutchess County CoC","403.0","396.0","7.0","207.0","200.0","7.0","196.0","196.0","0.0","9.0","4.0","5.0","9.0","4.0","5.0","0.0","0.0","0.0","6.0","5.0","1.0"
"NY-602","Newburgh/Middletown/Orange County CoC","421.0","299.0","122.0","281.0","159.0","122.0","140.0","140.0","0.0","84.0","38.0","46.0","71.0","25.0","46.0","13.0","13.0","0.0","18.0","7.0","11.0"
"NY-603","Nassau, Suffolk Counties/Babylon/Islip/ Huntington CoC","3207.0","3143.0","64.0","919.0","855.0","64.0","2288.0","2288.0","0.0","367.0","355.0","12.0","111.0","99.0","12.0","256.0","256.0","0.0","174.0","167.0","7.0"
"NY-604","Yonkers/Mount Vernon/New Rochelle/Westchester CoC","2138.0","2118.0","20.0","804.0","784.0","20.0","1334.0","1334.0","0.0","205.0","193.0","12.0","200.0","188.0","12.0","5.0","5.0","0.0","183.0","180.0","3.0"
"NY-606","Rockland County CoC","125.0","106.0","19.0","82.0","63.0","19.0","43.0","43.0","0.0","6.0","0.0","6.0","6.0","0.0","6.0","0.0","0.0","0.0","0.0","0.0","0.0"
"NY-607","Sullivan County CoC","131.0","130.0","1.0","72.0","71.0","1.0","59.0","59.0","0.0","15.0","15.0","0.0","15.0","15.0","0.0","0.0","0.0","0.0","0.0","0.0","0.0"
"NY-608","Kingston/Ulster County CoC","341.0","304.0","37.0","165.0","142.0","23.0","176.0","162.0","14.0","36.0","20.0","16.0","33.0","17.0","16.0","3.0","3.0","0.0","16.0","8.0","8.0"
"OH-500","Cincinnati/Hamilton County CoC","1043.0","1026.0","17.0","759.0","742.0","17.0","284.0","284.0","0.0","166.0","156.0","10.0","166.0","156.0","10.0","0.0","0.0","0.0","192.0","191.0","1.0"
"OH-501","Toledo/Lucas County CoC","809.0","800.0","9.0","483.0","474.0","9.0","326.0","326.0","0.0","107.0","103.0","4.0","104.0","100.0","4.0","3.0","3.0","0.0","51.0","48.0","3.0"
"OH-502","Cleveland/Cuyahoga County CoC","2103.0","2075.0","28.0","1573.0","1545.0","28.0","530.0","530.0","0.0","252.0","237.0","15.0","231.0","216.0","15.0","21.0","21.0","0.0","329.0","327.0","2.0"
"OH-503","Columbus/Franklin County CoC","1614.0","1381.0","233.0","1148.0","915.0","233.0","466.0","466.0","0.0","257.0","82.0","175.0","257.0","82.0","175.0","0.0","0.0","0.0","156.0","133.0","23.0"
"OH-504","Youngstown/Mahoning County CoC","256.0","248.0","8.0","166.0","158.0","8.0","90.0","90.0","0.0","88.0","82.0","6.0","65.0","59.0","6.0","23.0","23.0","0.0","25.0","25.0","0.0"
"OH-505","Dayton/Kettering/Montgomery County CoC","791.0","757.0","34.0","583.0","549.0","34.0","208.0","208.0","0.0","39.0","27.0","12.0","39.0","27.0","12.0","0.0","0.0","0.0","128.0","128.0","0.0"
"OH-506","Akron/Barberton/Summit County CoC","870.0","693.0","177.0","579.0","421.0","158.0","291.0","272.0","19.0","219.0","113.0","106.0","215.0","109.0","106.0","4.0","4.0","0.0","120.0","58.0","62.0"
"OH-507","Ohio Balance of State CoC","3806.0","3247.0","559.0","2154.0","1740.0","414.0","1652.0","1507.0","145.0","282.0","163.0","119.0","221.0","128.0","93.0","61.0","35.0","26.0","210.0","176.0","34.0"
"OH-508","Canton/Massillon/Alliance/Stark County CoC","531.0","493.0","38.0","259.0","225.0","34.0","272.0","268.0","4.0","71.0","46.0","25.0","42.0","17.0","25.0","29.0","29.0","0.0","25.0","16.0","9.0"
"OK-500","North Central Oklahoma CoC","201.0","154.0","47.0","96.0","67.0","29.0","105.0","87.0","18.0","29.0","24.0","5.0","17.0","12.0","5.0","12.0","12.0","0.0","11.0","7.0","4.0"
"OK-501","Tulsa City & County/Broken Arrow CoC","1010.0","908.0","102.0","734.0","636.0","98.0","276.0","272.0","4.0","99.0","60.0","39.0","99.0","60.0","39.0","0.0","0.0","0.0","114.0","101.0","13.0"
"OK-502","Oklahoma City CoC","1481.0","1223.0","258.0","1266.0","1008.0","258.0","215.0","215.0","0.0","249.0","175.0","74.0","241.0","167.0","74.0","8.0","8.0","0.0","178.0","123.0","55.0"
"OK-503","Oklahoma Balance of State CoC","295.0","154.0","141.0","137.0","89.0","48.0","158.0","65.0","93.0","40.0","8.0","32.0","24.0","8.0","16.0","16.0","0.0","16.0","2.0","2.0","0.0"
"OK-504","Norman/Cleveland County CoC","140.0","118.0","22.0","73.0","51.0","22.0","67.0","67.0","0.0","48.0","35.0","13.0","48.0","35.0","13.0","0.0","0.0","0.0","6.0","6.0","0.0"
"OK-505","Northeast Oklahoma CoC","383.0","300.0","83.0","260.0","205.0","55.0","123.0","95.0","28.0","103.0","81.0","22.0","73.0","61.0","12.0","30.0","20.0","10.0","51.0","21.0","30.0"
"OK-506","Southwest Oklahoma Regional CoC","239.0","177.0","62.0","158.0","99.0","59.0","81.0","78.0","3.0","30.0","10.0","20.0","30.0","10.0","20.0","0.0","0.0","0.0","25.0","5.0","20.0"
"OK-507","Southeastern Oklahoma Regional CoC","442.0","225.0","217.0","240.0","136.0","104.0","202.0","89.0","113.0","73.0","23.0","50.0","53.0","13.0","40.0","20.0","10.0","10.0","21.0","8.0","13.0"
"OR-500","Eugene/Springfield/Lane County CoC","1767.0","665.0","1102.0","1352.0","330.0","1022.0","415.0","335.0","80.0","412.0","137.0","275.0","364.0","119.0","245.0","48.0","18.0","30.0","230.0","79.0","151.0"
"OR-501","Portland-Gresham-Multnomah County CoC","3927.0","2032.0","1895.0","3115.0","1343.0","1772.0","812.0","689.0","123.0","1102.0","110.0","992.0","992.0","96.0","896.0","110.0","14.0","96.0","412.0","197.0","215.0"
"OR-502","Medford/Ashland/Jackson County CoC","625.0","399.0","226.0","501.0","352.0","149.0","124.0","47.0","77.0","84.0","20.0","64.0","75.0","20.0","55.0","9.0","0.0","9.0","241.0","202.0","39.0"
"OR-503","Central Oregon CoC","568.0","323.0","245.0","292.0","126.0","166.0","276.0","197.0","79.0","130.0","12.0","118.0","69.0","12.0","57.0","61.0","0.0","61.0","37.0","15.0","22.0"
"OR-505","Oregon Balance of State CoC","4122.0","2344.0","1778.0","2114.0","1395.0","719.0","2008.0","949.0","1059.0","653.0","276.0","377.0","467.0","245.0","222.0","186.0","31.0","155.0","260.0","158.0","102.0"
"OR-506","Hillsboro/Beaverton/Washington County CoC","537.0","198.0","339.0","281.0","102.0","179.0","256.0","96.0","160.0","117.0","12.0","105.0","107.0","10.0","97.0","10.0","2.0","8.0","76.0","51.0","25.0"
"OR-507","Clackamas County CoC","618.0","140.0","478.0","333.0","17.0","316.0","285.0","123.0","162.0","197.0","10.0","187.0","133.0","3.0","130.0","64.0","7.0","57.0","36.0","0.0","36.0"
"PA-500","Philadelphia CoC","5738.0","5377.0","361.0","3109.0","2748.0","361.0","2629.0","2629.0","0.0","702.0","461.0","241.0","612.0","371.0","241.0","90.0","90.0","0.0","357.0","337.0","20.0"
"PA-501","Harrisburg/Dauphin County CoC","396.0","357.0","39.0","237.0","198.0","39.0","159.0","159.0","0.0","50.0","36.0","14.0","47.0","33.0","14.0","3.0","3.0","0.0","49.0","45.0","4.0"
"PA-502","Upper Darby/Chester/Haverford/Delaware County CoC","509.0","462.0","47.0","257.0","210.0","47.0","252.0","252.0","0.0","46.0","35.0","11.0","33.0","22.0","11.0","13.0","13.0","0.0","20.0","17.0","3.0"
"PA-503","Wilkes-Barre/Hazleton/Luzerne County CoC","192.0","180.0","12.0","115.0","103.0","12.0","77.0","77.0","0.0","0.0","0.0","0.0","0.0","0.0","0.0","0.0","0.0","0.0","15.0","14.0","1.0"
"PA-504","Lower Marion/Norristown/Abington/Montgomery County CoC","438.0","432.0","6.0","195.0","189.0","6.0","243.0","243.0","0.0","28.0","25.0","3.0","28.0","25.0","3.0","0.0","0.0","0.0","6.0","6.0","0.0"
"PA-505","Chester County CoC","679.0","640.0","39.0","498.0","467.0","31.0","181.0","173.0","8.0","79.0","56.0","23.0","77.0","54.0","23.0","2.0","2.0","0.0","288.0","288.0","0.0"
"PA-506","Reading/Berks County CoC","604.0","593.0","11.0","383.0","372.0","11.0","221.0","221.0","0.0","68.0","66.0","2.0","62.0","60.0","2.0","6.0","6.0","0.0","43.0","42.0","1.0"
"PA-508","Scranton/Lackawanna County CoC","287.0","282.0","5.0","117.0","112.0","5.0","170.0","170.0","0.0","23.0","18.0","5.0","23.0","18.0","5.0","0.0","0.0","0.0","36.0","36.0","0.0"
"PA-509","Eastern Pennsylvania CoC","2021.0","1786.0","235.0","955.0","752.0","203.0","1066.0","1034.0","32.0","139.0","60.0","79.0","132.0","53.0","79.0","7.0","7.0","0.0","103.0","81.0","22.0"
"PA-510","Lancaster City & County CoC","498.0","492.0","6.0","257.0","251.0","6.0","241.0","241.0","0.0","10.0","6.0","4.0","10.0","6.0","4.0","0.0","0.0","0.0","39.0","39.0","0.0"
"PA-511","Bristol/Bensalem/Bucks County CoC","492.0","464.0","28.0","184.0","156.0","28.0","308.0","308.0","0.0","27.0","16.0","11.0","27.0","16.0","11.0","0.0","0.0","0.0","12.0","12.0","0.0"
"PA-512","York City & County CoC","302.0","272.0","30.0","163.0","153.0","10.0","139.0","119.0","20.0","47.0","37.0","10.0","28.0","25.0","3.0","19.0","12.0","7.0","15.0","12.0","3.0"
"PA-600","Pittsburgh/McKeesport/Penn Hills/Allegheny County CoC","1573.0","1465.0","108.0","995.0","887.0","108.0","578.0","578.0","0.0","198.0","157.0","41.0","189.0","148.0","41.0","9.0","9.0","0.0","231.0","212.0","19.0"
"PA-601","Western Pennsylvania CoC","1101.0","1045.0","56.0","600.0","553.0","47.0","501.0","492.0","9.0","135.0","116.0","19.0","133.0","114.0","19.0","2.0","2.0","0.0","174.0","173.0","1.0"
"PA-603","Beaver County CoC","95.0","93.0","2.0","44.0","42.0","2.0","51.0","51.0","0.0","9.0","7.0","2.0","5.0","3.0","2.0","4.0","4.0","0.0","2.0","2.0","0.0"
"PA-605","Erie City & County CoC","408.0","361.0","47.0","250.0","227.0","23.0","158.0","134.0","24.0","46.0","38.0","8.0","43.0","35.0","8.0","3.0","3.0","0.0","21.0","20.0","1.0"
"PR-502","Puerto Rico Balance of Commonwealth CoC","2085.0","918.0","1167.0","1746.0","641.0","1105.0","339.0","277.0","62.0","634.0","91.0","543.0","630.0","91.0","539.0","4.0","0.0","4.0","28.0","15.0","13.0"
"PR-503","South/Southeast Puerto Rico CoC","2047.0","488.0","1559.0","1686.0","378.0","1308.0","361.0","110.0","251.0","1429.0","103.0","1326.0","937.0","103.0","834.0","492.0","0.0","492.0","59.0","30.0","29.0"
"RI-500","Rhode Island Statewide CoC","1190.0","1170.0","20.0","779.0","761.0","18.0","411.0","409.0","2.0","204.0","198.0","6.0","204.0","198.0","6.0","0.0","0.0","0.0","108.0","108.0","0.0"
"SC-500","Charleston/Low Country CoC","516.0","379.0","137.0","425.0","291.0","134.0","91.0","88.0","3.0","37.0","16.0","21.0","37.0","16.0","21.0","0.0","0.0","0.0","129.0","99.0","30.0"
"SC-501","Greenville/Anderson/Spartanburg Upstate CoC","1636.0","1246.0","390.0","1060.0","710.0","350.0","576.0","536.0","40.0","76.0","36.0","40.0","76.0","36.0","40.0","0.0","0.0","0.0","107.0","61.0","46.0"
"SC-502","Columbia/Midlands CoC","1588.0","1162.0","426.0","1238.0","862.0","376.0","350.0","300.0","50.0","62.0","35.0","27.0","62.0","35.0","27.0","0.0","0.0","0.0","234.0","189.0","45.0"
"SC-503","Myrtle Beach/Sumter City & County CoC","1317.0","462.0","855.0","1090.0","389.0","701.0","227.0","73.0","154.0","98.0","13.0","85.0","98.0","13.0","85.0","0.0","0.0","0.0","233.0","50.0","183.0"
"SD-500","South Dakota Statewide CoC","885.0","830.0","55.0","490.0","450.0","40.0","395.0","380.0","15.0","118.0","92.0","26.0","81.0","68.0","13.0","37.0","24.0","13.0","132.0","128.0","4.0"
"TN-500","Chattanooga/Southeast Tennessee CoC","627.0","456.0","171.0","429.0","300.0","129.0","198.0","156.0","42.0","168.0","104.0","64.0","151.0","89.0","62.0","17.0","15.0","2.0","68.0","54.0","14.0"
"TN-501","Memphis/Shelby County CoC","1675.0","1554.0","121.0","1144.0","1023.0","121.0","531.0","531.0","0.0","149.0","76.0","73.0","149.0","76.0","73.0","0.0","0.0","0.0","281.0","269.0","12.0"
"TN-502","Knoxville/Knox County CoC","861.0","780.0","81.0","750.0","675.0","75.0","111.0","105.0","6.0","149.0","117.0","32.0","140.0","108.0","32.0","9.0","9.0","0.0","135.0","125.0","10.0"
"TN-503","Central Tennessee CoC","286.0","240.0","46.0","224.0","182.0","42.0","62.0","58.0","4.0","28.0","20.0","8.0","28.0","20.0","8.0","0.0","0.0","0.0","65.0","61.0","4.0"
"TN-504","Nashville/Davidson County CoC","2234.0","2027.0","207.0","1904.0","1697.0","207.0","330.0","330.0","0.0","1006.0","799.0","207.0","869.0","662.0","207.0","137.0","137.0","0.0","285.0","239.0","46.0"
"TN-506","Oak Ridge/Upper Cumberland CoC","342.0","184.0","158.0","254.0","117.0","137.0","88.0","67.0","21.0","31.0","16.0","15.0","24.0","9.0","15.0","7.0","7.0","0.0","31.0","15.0","16.0"
"TN-507","Jackson/West Tennessee CoC","1601.0","205.0","1396.0","1014.0","144.0","870.0","587.0","61.0","526.0","260.0","45.0","215.0","176.0","33.0","143.0","84.0","12.0","72.0","88.0","12.0","76.0"
"TN-509","Appalachian Regional CoC","598.0","432.0","166.0","472.0","312.0","160.0","126.0","120.0","6.0","179.0","117.0","62.0","166.0","104.0","62.0","13.0","13.0","0.0","148.0","125.0","23.0"
"TN-510","Murfreesboro/Rutherford County CoC","258.0","182.0","76.0","190.0","114.0","76.0","68.0","68.0","0.0","78.0","32.0","46.0","78.0","32.0","46.0","0.0","0.0","0.0","21.0","13.0","8.0"
"TN-512","Morristown/Blount, Sevier, Campbell, Cocke Counties CoC","933.0","323.0","610.0","419.0","129.0","290.0","514.0","194.0","320.0","147.0","38.0","109.0","123.0","36.0","87.0","24.0","2.0","22.0","20.0","7.0","13.0"
"TX-500","San Antonio/Bexar County CoC","2892.0","1970.0","922.0","1925.0","1014.0","911.0","967.0","956.0","11.0","614.0","411.0","203.0","520.0","319.0","201.0","94.0","92.0","2.0","263.0","219.0","44.0"
"TX-503","Austin/Travis County CoC","1987.0","1539.0","448.0","1287.0","843.0","444.0","700.0","696.0","4.0","384.0","204.0","180.0","349.0","169.0","180.0","35.0","35.0","0.0","176.0","127.0","49.0"
"TX-600","Dallas City & County/Irving CoC","3514.0","3272.0","242.0","1861.0","1631.0","230.0","1653.0","1641.0","12.0","489.0","390.0","99.0","460.0","368.0","92.0","29.0","22.0","7.0","335.0","293.0","42.0"
"TX-601","Fort Worth/Arlington/Tarrant County CoC","2425.0","2241.0","184.0","1390.0","1206.0","184.0","1035.0","1035.0","0.0","331.0","277.0","54.0","278.0","224.0","54.0","53.0","53.0","0.0","252.0","217.0","35.0"
"TX-603","El Paso City & County CoC","1260.0","1079.0","181.0","749.0","577.0","172.0","511.0","502.0","9.0","179.0","141.0","38.0","138.0","104.0","34.0","41.0","37.0","4.0","123.0","67.0","56.0"
"TX-604","Waco/McLennan County CoC","246.0","202.0","44.0","148.0","104.0","44.0","98.0","98.0","0.0","32.0","13.0","19.0","32.0","13.0","19.0","0.0","0.0","0.0","31.0","19.0","12.0"
"TX-607","Texas Balance of State (BoS) CoC","9943.0","4063.0","5880.0","7281.0","2203.0","5078.0","2662.0","1860.0","802.0","2434.0","522.0","1912.0","2245.0","440.0","1805.0","189.0","82.0","107.0","823.0","255.0","568.0"
"TX-611","Amarillo CoC","451.0","448.0","3.0","296.0","293.0","3.0","155.0","155.0","0.0","86.0","85.0","1.0","86.0","85.0","1.0","0.0","0.0","0.0","55.0","55.0","0.0"
"TX-624","Wichita Falls/Wise, Palo Pinto, Wichita, Archer Counties CoC","281.0","259.0","22.0","202.0","185.0","17.0","79.0","74.0","5.0","75.0","65.0","10.0","63.0","53.0","10.0","12.0","12.0","0.0","4.0","4.0","0.0"
"TX-700","Houston, Pasadena, Conroe/Harris, Ft. Bend, Montgomery, Counties CoC","5308.0","3017.0","2291.0","3918.0","1627.0","2291.0","1390.0","1390.0","0.0","769.0","123.0","646.0","763.0","117.0","646.0","6.0","6.0","0.0","644.0","310.0","334.0"
"TX-701","Bryan/College Station/Brazos Valley CoC","188.0","138.0","50.0","120.0","75.0","45.0","68.0","63.0","5.0","23.0","0.0","23.0","18.0","0.0","18.0","5.0","0.0","5.0","12.0","10.0","2.0"
"UT-500","Salt Lake City & County CoC","2150.0","2040.0","110.0","1332.0","1227.0","105.0","818.0","813.0","5.0","369.0","342.0","27.0","335.0","310.0","25.0","34.0","32.0","2.0","275.0","260.0","15.0"
"UT-503","Utah Balance of State CoC","782.0","614.0","168.0","321.0","267.0","54.0","461.0","347.0","114.0","47.0","33.0","14.0","45.0","31.0","14.0","2.0","2.0","0.0","36.0","31.0","5.0"
"UT-504","Provo/Mountainland CoC","149.0","114.0","35.0","76.0","46.0","30.0","73.0","68.0","5.0","6.0","5.0","1.0","6.0","5.0","1.0","0.0","0.0","0.0","6.0","2.0","4.0"
"VA-500","Richmond/Henrico, Chesterfield, Hanover Counties CoC","846.0","781.0","65.0","674.0","609.0","65.0","172.0","172.0","0.0","74.0","54.0","20.0","74.0","54.0","20.0","0.0","0.0","0.0","137.0","122.0","15.0"
"VA-501","Norfolk/Chesapeake/Suffolk/Isle of Wright, Southampton Counties CoC","668.0","630.0","38.0","500.0","462.0","38.0","168.0","168.0","0.0","48.0","31.0","17.0","46.0","29.0","17.0","2.0","2.0","0.0","54.0","46.0","8.0"
"VA-502","Roanoke City & County/Salem CoC","440.0","433.0","7.0","321.0","314.0","7.0","119.0","119.0","0.0","62.0","57.0","5.0","62.0","57.0","5.0","0.0","0.0","0.0","63.0","62.0","1.0"
"VA-503","Virginia Beach CoC","440.0","382.0","58.0","251.0","193.0","58.0","189.0","189.0","0.0","86.0","50.0","36.0","83.0","47.0","36.0","3.0","3.0","0.0","59.0","49.0","10.0"
"VA-504","Charlottesville CoC","204.0","178.0","26.0","141.0","115.0","26.0","63.0","63.0","0.0","32.0","20.0","12.0","32.0","20.0","12.0","0.0","0.0","0.0","12.0","10.0","2.0"
"VA-505","Newport News/Hampton/Virginia Peninsula CoC","525.0","497.0","28.0","341.0","313.0","28.0","184.0","184.0","0.0","131.0","113.0","18.0","123.0","105.0","18.0","8.0","8.0","0.0","79.0","72.0","7.0"
"VA-507","Portsmouth CoC","160.0","117.0","43.0","108.0","65.0","43.0","52.0","52.0","0.0","13.0","11.0","2.0","13.0","11.0","2.0","0.0","0.0","0.0","16.0","13.0","3.0"
"VA-508","Lynchburg CoC","220.0","217.0","3.0","128.0","125.0","3.0","92.0","92.0","0.0","32.0","32.0","0.0","21.0","21.0","0.0","11.0","11.0","0.0","13.0","13.0","0.0"
"VA-513","Harrisburg, Winchester/Western Virginia CoC","249.0","237.0","12.0","170.0","162.0","8.0","79.0","75.0","4.0","53.0","50.0","3.0","33.0","30.0","3.0","20.0","20.0","0.0","13.0","12.0","1.0"
"VA-514","Fredericksburg/Spotsylvania, Stafford Counties CoC","201.0","171.0","30.0","118.0","88.0","30.0","83.0","83.0","0.0","45.0","28.0","17.0","42.0","25.0","17.0","3.0","3.0","0.0","18.0","10.0","8.0"
"VA-521","Virginia Balance of State (BoS) CoC","662.0","546.0","116.0","327.0","233.0","94.0","335.0","313.0","22.0","31.0","16.0","15.0","29.0","14.0","15.0","2.0","2.0","0.0","38.0","34.0","4.0"
"VA-600","Arlington County CoC","291.0","240.0","51.0","178.0","127.0","51.0","113.0","113.0","0.0","74.0","38.0","36.0","74.0","38.0","36.0","0.0","0.0","0.0","21.0","13.0","8.0"
"VA-601","Fairfax County CoC","1225.0","1159.0","66.0","530.0","464.0","66.0","695.0","695.0","0.0","198.0","158.0","40.0","196.0","156.0","40.0","2.0","2.0","0.0","51.0","45.0","6.0"
"VA-602","Loudoun County CoC","177.0","151.0","26.0","76.0","50.0","26.0","101.0","101.0","0.0","20.0","10.0","10.0","20.0","10.0","10.0","0.0","0.0","0.0","9.0","7.0","2.0"
"VA-603","City of Alexandria CoC","267.0","244.0","23.0","179.0","156.0","23.0","88.0","88.0","0.0","63.0","45.0","18.0","63.0","45.0","18.0","0.0","0.0","0.0","18.0","16.0","2.0"
"VA-604","Prince William County CoC","445.0","347.0","98.0","192.0","94.0","98.0","253.0","253.0","0.0","59.0","17.0","42.0","54.0","12.0","42.0","5.0","5.0","0.0","19.0","11.0","8.0"
"VI-500","Virgin Islands CoC","448.0","85.0","363.0","425.0","62.0","363.0","23.0","23.0","0.0","88.0","1.0","87.0","88.0","1.0","87.0","0.0","0.0","0.0","32.0","1.0","31.0"
"VT-500","Vermont Balance of State CoC","1027.0","954.0","73.0","509.0","446.0","63.0","518.0","508.0","10.0","132.0","114.0","18.0","83.0","70.0","13.0","49.0","44.0","5.0","89.0","84.0","5.0"
"VT-501","Burlington/Chittenden County CoC","532.0","442.0","90.0","314.0","258.0","56.0","218.0","184.0","34.0","151.0","114.0","37.0","116.0","89.0","27.0","35.0","25.0","10.0","31.0","27.0","4.0"
"WA-500","Seattle/King County CoC","8949.0","6213.0","2736.0","6029.0","3293.0","2736.0","2920.0","2920.0","0.0","885.0","518.0","367.0","881.0","514.0","367.0","4.0","4.0","0.0","685.0","592.0","93.0"
"WA-501","Washington Balance of State CoC","4703.0","2621.0","2082.0","2674.0","1177.0","1497.0","2029.0","1444.0","585.0","893.0","249.0","644.0","749.0","191.0","558.0","144.0","58.0","86.0","347.0","189.0","158.0"
"WA-502","Spokane City & County CoC","1149.0","994.0","155.0","697.0","560.0","137.0","452.0","434.0","18.0","179.0","111.0","68.0","151.0","85.0","66.0","28.0","26.0","2.0","85.0","82.0","3.0"
"WA-503","Tacoma/Lakewood/Pierce County CoC","1464.0","1171.0","293.0","838.0","561.0","277.0","626.0","610.0","16.0","224.0","95.0","129.0","213.0","90.0","123.0","11.0","5.0","6.0","162.0","129.0","33.0"
"WA-504","Everett/Snohomish County CoC","949.0","577.0","372.0","614.0","285.0","329.0","335.0","292.0","43.0","188.0","67.0","121.0","177.0","56.0","121.0","11.0","11.0","0.0","65.0","30.0","35.0"
"WA-507","Yakima City & County CoC","533.0","486.0","47.0","226.0","179.0","47.0","307.0","307.0","0.0","86.0","60.0","26.0","80.0","54.0","26.0","6.0","6.0","0.0","39.0","31.0","8.0"
"WA-508","Vancouver/Clark County CoC","695.0","478.0","217.0","312.0","202.0","110.0","383.0","276.0","107.0","80.0","29.0","51.0","60.0","25.0","35.0","20.0","4.0","16.0","50.0","36.0","14.0"
"WI-500","Wisconsin Balance of State CoC","3569.0","3446.0","123.0","1480.0","1421.0","59.0","2089.0","2025.0","64.0","246.0","239.0","7.0","182.0","175.0","7.0","64.0","64.0","0.0","259.0","256.0","3.0"
"WI-501","Milwaukee City & County CoC","1499.0","1384.0","115.0","887.0","796.0","91.0","612.0","588.0","24.0","127.0","94.0","33.0","123.0","90.0","33.0","4.0","4.0","0.0","164.0","154.0","10.0"
"WI-502","Racine City & County CoC","210.0","199.0","11.0","123.0","112.0","11.0","87.0","87.0","0.0","12.0","12.0","0.0","10.0","10.0","0.0","2.0","2.0","0.0","35.0","35.0","0.0"
"WI-503","Madison/Dane County CoC","777.0","683.0","94.0","439.0","347.0","92.0","338.0","336.0","2.0","139.0","102.0","37.0","121.0","84.0","37.0","18.0","18.0","0.0","62.0","51.0","11.0"
"WV-500","Wheeling/Weirton Area CoC","97.0","88.0","9.0","63.0","59.0","4.0","34.0","29.0","5.0","23.0","20.0","3.0","23.0","20.0","3.0","0.0","0.0","0.0","5.0","4.0","1.0"
"WV-501","Huntington/Cabell, Wayne Counties CoC","218.0","208.0","10.0","118.0","108.0","10.0","100.0","100.0","0.0","50.0","43.0","7.0","41.0","34.0","7.0","9.0","9.0","0.0","18.0","15.0","3.0"
"WV-503","Charleston/Kanawha, Putnam, Boone, Clay Counties CoC","360.0","347.0","13.0","281.0","268.0","13.0","79.0","79.0","0.0","51.0","45.0","6.0","51.0","45.0","6.0","0.0","0.0","0.0","31.0","29.0","2.0"
"WV-508","West Virginia Balance of State CoC","1338.0","940.0","398.0","1026.0","740.0","286.0","312.0","200.0","112.0","358.0","196.0","162.0","309.0","180.0","129.0","49.0","16.0","33.0","279.0","255.0","24.0"
"WY-500","Wyoming Statewide CoC","757.0","563.0","194.0","463.0","327.0","136.0","294.0","236.0","58.0","144.0","104.0","40.0","105.0","86.0","19.0","39.0","18.0","21.0","116.0","95.0","21.0"
"","Total","576450.0","401051.0","175399.0","360189.0","209148.0","151041.0","216261.0","191903.0","24358.0","99132.0","40565.0","58567.0","83989.0","31203.0","52786.0","15143.0","9362.0","5781.0","49689.0","32119.0","17570.0"
"","","","","","","","","","","","","","","","","","","","","","",""
"a MO-604 covers territory in both Missouri and Kansas. The record described in this file represents the CoC's total territory, the sum of the point-in-time estimates the CoC separately reported for the portions of its territory in MO and in KS. However, in the companion file, Point-in-Time Estimates by State, MO-604's data have been split up between MO and KS.","","","","","","","","","","","","","","","","","","","","","",""
